6305,0,0,0.00,0.00
6310,0,0,0.00,0.00
6315,0,0,0.00,0.00
6320,0,0,0.00,0.00
6325,0,0,0.00,0.00
6330,0,0,0.00,0.00
6335,0,0,0.00,0.00
6340,0,0,0.00,0.00
6345,0,0,0.00,0.00
6350,0,0,0.00,0.00
6355,0,0,0.00,0.00
6360,0,0,0.00,0.00
6365,0,0,0.00,0.00
6370,0,0,0.00,0.00
6375,0,0,0.00,0.00
6380,0,0,0.00,0.00
6385,0,0,0.00,0.00
6390,0,0,0.00,0.00
6395,0,0,0.00,0.00
6400,0,0,0.00,0.00
6405,0,0,0.00,0.00
6410,0,0,0.00,0.00
6415,0,0,0.00,0.00
6420,0,0,0.00,0.00
6425,0,0,0.00,0.00
6430,0,0,0.00,0.00
6435,0,0,0.00,0.00
6440,0,0,0.00,0.00
6445,0,0,0.00,0.00
6450,0,0,0.00,0.00
6455,0,0,0.00,0.00
6460,0,0,0.00,0.00
6465,0,0,0.00,0.00
6470,0,0,0.00,0.00
6475,0,0,0.00,0.00
6480,0,0,0.00,0.00
6485,0,0,0.00,0.00
6490,0,0,0.00,0.00
6495,0,0,0.00,0.00
6500,0,0,0.00,0.00
6505,0,0,0.00,0.00
6510,0,0,0.00,0.00
6515,0,0,0.00,0.00
6520,0,0,0.00,0.00
6525,0,0,0.00,0.00
6530,0,0,0.00,0.00
6535,0,0,0.00,0.00
6540,0,0,0.00,0.00
6545,0,0,0.00,0.00
6550,0,0,0.00,0.00
6555,0,0,0.00,0.00
6560,0,0,0.00,0.00
6565,0,0,0.00,0.00
6570,0,0,0.00,0.00
6575,0,0,0.00,0.00
6580,0,0,0.00,0.00
6585,0,0,0.00,0.00
6590,0,0,0.00,0.00
6595,0,0,0.00,0.00
6600,0,0,0.00,0.00
6605,0,0,0.00,0.00
6610,0,0,0.00,0.00
6615,0,0,0.00,0.00
6620,0,0,0.00,0.00
6625,0,0,0.00,0.00
6630,0,0,0.00,0.00
6635,0,0,0.00,0.00
6640,0,0,0.00,0.00
6645,0,0,0.00,0.00
6650,0,0,0.00,0.00
6655,0,0,0.00,0.00
6660,0,0,0.00,0.00
6665,0,0,0.00,0.00
6670,0,0,0.00,0.00
6675,0,0,0.00,0.00
6680,0,0,0.00,0.00
6685,0,0,0.00,0.00
6690,0,0,0.00,0.00
6695,0,0,0.00,0.00
6700,0,0,0.00,0.00
6705,0,0,0.00,0.00
6710,0,0,0.00,0.00
6715,0,0,0.00,0.00
6720,0,0,0.00,0.00
6725,0,0,0.00,0.00
6730,0,0,0.00,0.00
6735,0,0,0.00,0.00
6740,0,0,0.00,0.00
6745,0,0,0.00,0.00
6750,0,0,0.00,0.00
6755,0,0,0.00,0.00
6760,0,0,0.00,0.00
6765,0,0,0.00,0.00
6770,0,0,0.00,0.00
6775,0,0,0.00,0.00
6780,0,0,0.00,0.00
6785,0,0,0.00,0.00
6790,0,0,0.00,0.00
6795,0,0,0.00,0.00
6800,0,0,0.00,0.00
6805,0,0,0.00,0.00
6810,0,0,0.00,0.00
6815,0,0,0.00,0.00
6820,0,0,0.00,0.00
6825,0,0,0.00,0.00
6830,0,0,0.00,0.00
6835,0,0,0.00,0.00
6840,0,0,0.00,0.00
6845,0,0,0.00,0.00
6850,0,0,0.00,0.00
6855,0,0,0.00,0.00
6860,0,0,0.00,0.00
6865,0,0,0.00,0.00
6870,0,0,0.00,0.00
6875,0,0,0.00,0.00
6880,0,0,0.00,0.00
6885,0,0,0.00,0.00
6890,0,0,0.00,0.00
6895,0,0,0.00,0.00
6900,0,0,0.00,0.00
6905,0,0,0.00,0.00
6910,0,0,0.00,0.00
6915,0,0,0.00,0.00
6920,0,0,0.00,0.00
6925,0,0,0.00,0.00
6930,0,0,0.00,0.00
6935,0,0,0.00,0.00
6940,0,0,0.00,0.00
6945,0,0,0.00,0.00
6950,0,0,0.00,0.00
6955,0,0,0.00,0.00
6960,0,0,0.00,0.00
6965,0,0,0.00,0.00
6970,0,0,0.00,0.00
6975,0,0,0.00,0.00
6980,0,0,0.00,0.00
6985,0,0,0.00,0.00
6990,0,0,0.00,0.00
6995,0,0,0.00,0.00
7000,0,0,0.00,0.00
7005,0,0,0.00,0.00
7010,0,0,0.00,0.00
7015,0,0,0.00,0.00
7020,0,0,0.00,0.00
7025,0,0,0.00,0.00
7030,0,0,0.00,0.00
7035,0,0,0.00,0.00
7040,0,0,0.00,0.00
7045,0,0,0.00,0.00
7050,0,0,0.00,0.00
7055,0,0,0.00,0.00
7060,0,0,0.00,0.00
7065,0,0,0.00,0.00
7070,0,0,0.00,0.00
7075,0,0,0.00,0.00
7080,0,0,0.00,0.00
7085,0,0,0.00,0.00
7090,0,0,0.00,0.00
7095,0,0,0.00,0.00
7100,0,0,0.00,0.00
7105,0,0,0.00,0.00
7110,0,0,0.00,0.00
7115,0,0,0.00,0.00
7120,0,0,0.00,0.00
7125,0,0,0.00,0.00
7130,0,0,0.00,0.00
7135,0,0,0.00,0.00
7140,0,0,0.00,0.00
7145,0,0,0.00,0.00
7150,0,0,0.00,0.00
7155,0,0,0.00,0.00
7160,0,0,0.00,0.00
7165,0,0,0.00,0.00
7170,0,0,0.00,0.00
7175,0,0,0.00,0.00
7180,0,0,0.00,0.00
7185,0,0,0.00,0.00
7190,0,0,0.00,0.00
7195,0,0,0.00,0.00
7200,0,0,0.00,0.00
7205,0,0,0.00,0.00
7210,0,0,0.00,0.00
7215,0,0,0.00,0.00
7220,0,0,0.00,0.00
7225,0,0,0.00,0.00
7230,0,0,0.00,0.00
7235,0,0,0.00,0.00
7240,0,0,0.00,0.00
7245,0,0,0.00,0.00
7250,0,0,0.00,0.00
7255,0,0,0.00,0.00
7260,0,0,0.00,0.00
7265,0,0,0.00,0.00
7270,0,0,0.00,0.00
7275,0,0,0.00,0.00
7280,0,0,0.00,0.00
7285,0,0,0.00,0.00
7290,0,0,0.00,0.00
7295,0,0,0.00,0.00
7300,0,0,0.00,0.00
7305,0,0,0.00,0.00
7310,0,0,0.00,0.00
7315,0,0,0.00,0.00
7320,0,0,0.00,0.00
7325,0,0,0.00,0.00
7330,0,0,0.00,0.00
7335,0,0,0.00,0.00
7340,0,0,0.00,0.00
7345,0,0,0.00,0.00
7350,0,0,0.00,0.00
7355,0,0,0.00,0.00
7360,0,0,0.00,0.00
7365,0,0,0.00,0.00
7370,0,0,0.00,0.00
7375,0,0,0.00,0.00
7380,0,0,0.00,0.00
7385,0,0,0.00,0.00
7390,0,0,0.00,0.00
7395,0,0,0.00,0.00
7400,0,0,0.00,0.00
7405,0,0,0.00,0.00
7410,0,0,0.00,0.00
7415,0,0,0.00,0.00
7420,0,0,0.00,0.00
7425,0,0,0.00,0.00
7430,0,0,0.00,0.00
7435,0,0,0.00,0.00
7440,0,0,0.00,0.00
7445,0,0,0.00,0.00
7450,0,0,0.00,0.00
7455,0,0,0.00,0.00
7460,0,0,0.00,0.00
7465,0,0,0.00,0.00
7470,0,0,0.00,0.00
7475,0,0,0.00,0.00
7480,0,0,0.00,0.00
7485,0,0,0.00,0.00
7490,0,0,0.00,0.00
7495,0,0,0.00,0.00
7500,0,0,0.00,0.00
7505,0,0,0.00,0.00
7510,0,0,0.00,0.00
7515,0,0,0.00,0.00
7520,0,0,0.00,0.00
7525,0,0,0.00,0.00
7530,0,0,0.00,0.00
7535,0,0,0.00,0.00
7540,0,0,0.00,0.00
7545,0,0,0.00,0.00
7550,0,0,0.00,0.00
7555,0,0,0.00,0.00
7560,0,0,0.00,0.00
7565,0,0,0.00,0.00
7570,0,0,0.00,0.00
7575,0,0,0.00,0.00
7580,0,0,0.00,0.00
7585,0,0,0.00,0.00
7590,0,0,0.00,0.00
7595,0,0,0.00,0.00
7600,0,0,0.00,0.00
7605,0,0,0.00,0.00
7610,0,0,0.00,0.00
7615,0,0,0.00,0.00
7620,0,0,0.00,0.00
7625,0,0,0.00,0.00
7630,0,0,0.00,0.00
7635,0,0,0.00,0.00
7640,0,0,0.00,0.00
7645,0,0,0.00,0.00
7650,0,0,0.00,0.00
7655,0,0,0.00,0.00
7660,0,0,0.00,0.00
7665,0,0,0.00,0.00
7670,0,0,0.00,0.00
7675,0,0,0.00,0.00
7680,0,0,0.00,0.00
7685,0,0,0.00,0.00
7690,0,0,0.00,0.00
7695,0,0,0.00,0.00
7700,0,0,0.00,0.00
7705,0,0,0.00,0.00
7710,0,0,0.00,0.00
7715,0,0,0.00,0.00
7720,0,0,0.00,0.00
7725,0,0,0.00,0.00
7730,0,0,0.00,0.00
7735,0,0,0.00,0.00
7740,0,0,0.00,0.00
7745,0,0,0.00,0.00
7750,0,0,0.00,0.00
7755,0,0,0.00,0.00
7760,0,0,0.00,0.00
7765,0,0,0.00,0.00
7770,0,0,0.00,0.00
7775,0,0,0.00,0.00
7780,0,0,0.00,0.00
7785,0,0,0.00,0.00
7790,0,0,0.00,0.00
7795,0,0,0.00,0.00
7800,0,0,0.00,0.00
7805,0,0,0.00,0.00
7810,0,0,0.00,0.00
7815,0,0,0.00,0.00
7820,0,0,0.00,0.00
7825,0,0,0.00,0.00
7830,0,0,0.00,0.00
7835,0,0,0.00,0.00
7840,0,0,0.00,0.00
7845,0,0,0.00,0.00
7850,0,0,0.00,0.00
7855,0,0,0.00,0.00
7860,0,0,0.00,0.00
7865,0,0,0.00,0.00
7870,0,0,0.00,0.00
7875,0,0,0.00,0.00
7880,0,0,0.00,0.00
7885,0,0,0.00,0.00
7890,0,0,0.00,0.00
7895,0,0,0.00,0.00
7900,0,0,0.00,0.00
7905,0,0,0.00,0.00
7910,0,0,0.00,0.00
7915,0,0,0.00,0.00
7920,0,0,0.00,0.00
7925,0,0,0.00,0.00
7930,0,0,0.00,0.00
7935,0,0,0.00,0.00
7940,0,0,0.00,0.00
7945,0,0,0.00,0.00
7950,0,0,0.00,0.00
7955,0,0,0.00,0.00
7960,0,0,0.00,0.00
7965,0,0,0.00,0.00
7970,0,0,0.00,0.00
7975,0,0,0.00,0.00
7980,0,0,0.00,0.00
7985,0,0,0.00,0.00
7990,0,0,0.00,0.00
7995,0,0,0.00,0.00
8000,0,0,0.00,0.00
8005,0,0,0.00,0.00
8010,0,0,0.00,0.00
8015,0,0,0.00,0.00
8020,0,0,0.00,0.00
8025,0,0,0.00,0.00
8030,0,0,0.00,0.00
8035,0,0,0.00,0.00
8040,0,0,0.00,0.00
8045,0,0,0.00,0.00
8050,0,0,0.00,0.00
8055,0,0,0.00,0.00
8060,0,0,0.00,0.00
8065,0,0,0.00,0.00
8070,0,0,0.00,0.00
8075,0,0,0.00,0.00
8080,0,0,0.00,0.00
8085,0,0,0.00,0.00
8090,0,0,0.00,0.00
8095,0,0,0.00,0.00
8100,0,0,0.00,0.00
8105,0,0,0.00,0.00
8110,0,0,0.00,0.00
8115,0,0,0.00,0.00
8120,0,0,0.00,0.00
8125,0,0,0.00,0.00
8130,0,0,0.00,0.00
8135,0,0,0.00,0.00
8140,0,0,0.00,0.00
8145,0,0,0.00,0.00
8150,0,0,0.00,0.00
8155,0,0,0.00,0.00
8160,0,0,0.00,0.00
8165,0,0,0.00,0.00
8170,0,0,0.00,0.00
8175,0,0,0.00,0.00
8180,0,0,0.00,0.00
8185,0,0,0.00,0.00
8190,0,0,0.00,0.00
8195,0,0,0.00,0.00
8200,0,0,0.00,0.00
8205,0,0,0.00,0.00
8210,0,0,0.00,0.00
8215,0,0,0.00,0.00
8220,0,0,0.00,0.00
8225,0,0,0.00,0.00
8230,0,0,0.00,0.00
8235,0,0,0.00,0.00
8240,0,0,0.00,0.00
8245,0,0,0.00,0.00
8250,0,0,0.00,0.00
8255,0,0,0.00,0.00
8260,0,0,0.00,0.00
8265,0,0,0.00,0.00
8270,0,0,0.00,0.00
8275,0,0,0.00,0.00
8280,0,0,0.00,0.00
8285,0,0,0.00,0.00
8290,0,0,0.00,0.00
8295,0,0,0.00,0.00
8300,0,0,0.00,0.00
8305,0,0,0.00,0.00
8310,0,0,0.00,0.00
8315,0,0,0.00,0.00
8320,0,0,0.00,0.00
8325,0,0,0.00,0.00
8330,0,0,0.00,0.00
8335,0,0,0.00,0.00
8340,0,0,0.00,0.00
8345,0,0,0.00,0.00
8350,0,0,0.00,0.00
8355,0,0,0.00,0.00
8360,0,0,0.00,0.00
8365,0,0,0.00,0.00
8370,0,0,0.00,0.00
8375,0,0,0.00,0.00
8380,0,0,0.00,0.00
8385,0,0,0.00,0.00
8390,0,0,0.00,0.00
8395,0,0,0.00,0.00
8400,0,0,0.00,0.00
8405,0,0,0.00,0.00
8410,0,0,0.00,0.00
8415,0,0,0.00,0.00
8420,0,0,0.00,0.00
8425,0,0,0.00,0.00
8430,0,0,0.00,0.00
8435,0,0,0.00,0.00
8440,0,0,0.00,0.00
8445,0,0,0.00,0.00
8450,0,0,0.00,0.00
8455,0,0,0.00,0.00
8460,0,0,0.00,0.00
8465,0,0,0.00,0.00
8470,0,0,0.00,0.00
8475,0,0,0.00,0.00
8480,0,0,0.00,0.00
8485,0,0,0.00,0.00
8490,0,0,0.00,0.00
8495,0,0,0.00,0.00
8500,0,0,0.00,0.00
8505,0,0,0.00,0.00
8510,0,0,0.00,0.00
8515,0,0,0.00,0.00
8520,0,0,0.00,0.00
8525,0,0,0.00,0.00
8530,0,0,0.00,0.00
8535,0,0,0.00,0.00
8540,0,0,0.00,0.00
8545,0,0,0.00,0.00
8550,0,0,0.00,0.00
8555,0,0,0.00,0.00
8560,0,0,0.00,0.00
8565,0,0,0.00,0.00
8570,0,0,0.00,0.00
8575,0,0,0.00,0.00
8580,0,0,0.00,0.00
8585,0,0,0.00,0.00
8590,0,0,0.00,0.00
8595,0,0,0.00,0.00
8600,0,0,0.00,0.00
8605,0,0,0.00,0.00
8610,0,0,0.00,0.00
8615,0,0,0.00,0.00
8620,0,0,0.00,0.00
8625,0,0,0.00,0.00
8630,0,0,0.00,0.00
8635,0,0,0.00,0.00
8640,0,0,0.00,0.00
8645,0,0,0.00,0.00
8650,0,0,0.00,0.00
8655,0,0,0.00,0.00
8660,0,0,0.00,0.00
8665,0,0,0.00,0.00
8670,0,0,0.00,0.00
8675,0,0,0.00,0.00
8680,0,0,0.00,0.00
8685,0,0,0.00,0.00
8690,0,0,0.00,0.00
8695,0,0,0.00,0.00
8700,0,0,0.00,0.00
8705,0,0,0.00,0.00
8710,0,0,0.00,0.00
8715,0,0,0.00,0.00
8720,0,0,0.00,0.00
8725,0,0,0.00,0.00
8730,0,0,0.00,0.00
8735,0,0,0.00,0.00
8740,0,0,0.00,0.00
8745,0,0,0.00,0.00
8750,0,0,0.00,0.00
8755,0,0,0.00,0.00
8760,0,0,0.00,0.00
8765,0,0,0.00,0.00
8770,0,0,0.00,0.00
8775,0,0,0.00,0.00
8780,0,0,0.00,0.00
8785,0,0,0.00,0.00
8790,0,0,0.00,0.00
8795,0,0,0.00,0.00
8800,0,0,0.00,0.00
8805,0,0,0.00,0.00
8810,0,0,0.00,0.00
8815,0,0,0.00,0.00
8820,0,0,0.00,0.00
8825,0,0,0.00,0.00
8830,0,0,0.00,0.00
8835,0,0,0.00,0.00
8840,0,0,0.00,0.00
8845,0,0,0.00,0.00
8850,0,0,0.00,0.00
8855,0,0,0.00,0.00
8860,0,0,0.00,0.00
8865,0,0,0.00,0.00
8870,0,0,0.00,0.00
8875,0,0,0.00,0.00
8880,0,0,0.00,0.00
8885,0,0,0.00,0.00
8890,0,0,0.00,0.00
8895,0,0,0.00,0.00
8900,0,0,0.00,0.00
8905,0,0,0.00,0.00
8910,0,0,0.00,0.00
8915,0,0,0.00,0.00
8920,0,0,0.00,0.00
8925,0,0,0.00,0.00
8930,0,0,0.00,0.00
8935,0,0,0.00,0.00
8940,0,0,0.00,0.00
8945,0,0,0.00,0.00
8950,0,0,0.00,0.00
8955,0,0,0.00,0.00
8960,0,0,0.00,0.00
8965,0,0,0.00,0.00
8970,0,0,0.00,0.00
8975,0,0,0.00,0.00
8980,0,0,0.00,0.00
8985,0,0,0.00,0.00
8990,0,0,0.00,0.00
8995,0,0,0.00,0.00
9000,0,0,0.00,0.00
9005,0,0,0.00,0.00
9010,0,0,0.00,0.00
9015,0,0,0.00,0.00
9020,0,0,0.00,0.00
9025,0,0,0.00,0.00
9030,0,0,0.00,0.00
9035,0,0,0.00,0.00
9040,0,0,0.00,0.00
9045,0,0,0.00,0.00
9050,0,0,0.00,0.00
9055,0,0,0.00,0.00
9060,0,0,0.00,0.00
9065,0,0,0.00,0.00
9070,0,0,0.00,0.00
9075,0,0,0.00,0.00
9080,0,0,0.00,0.00
9085,0,0,0.00,0.00
9090,0,0,0.00,0.00
9095,0,0,0.00,0.00
9100,0,0,0.00,0.00
9105,0,0,0.00,0.00
9110,0,0,0.00,0.00
9115,0,0,0.00,0.00
9120,0,0,0.00,0.00
9125,0,0,0.00,0.00
9130,0,0,0.00,0.00
9135,0,0,0.00,0.00
9140,0,0,0.00,0.00
9145,0,0,0.00,0.00
9150,0,0,0.00,0.00
9155,0,0,0.00,0.00
9160,0,0,0.00,0.00
9165,0,0,0.00,0.00
9170,0,0,0.00,0.00
9175,0,0,0.00,0.00
9180,0,0,0.00,0.00
9185,0,0,0.00,0.00
9190,0,0,0.00,0.00
9195,0,0,0.00,0.00
9200,0,0,0.00,0.00
9205,0,0,0.00,0.00
9210,0,0,0.00,0.00
9215,0,0,0.00,0.00
9220,0,0,0.00,0.00
9225,0,0,0.00,0.00
9230,0,0,0.00,0.00
9235,0,0,0.00,0.00
9240,0,0,0.00,0.00
9245,0,0,0.00,0.00
9250,0,0,0.00,0.00
9255,0,0,0.00,0.00
9260,0,0,0.00,0.00
9265,0,0,0.00,0.00
9270,0,0,0.00,0.00
9275,0,0,0.00,0.00
9280,0,0,0.00,0.00
9285,0,0,0.00,0.00
9290,0,0,0.00,0.00
9295,0,0,0.00,0.00
9300,0,0,0.00,0.00
9305,0,0,0.00,0.00
9310,0,0,0.00,0.00
9315,0,0,0.00,0.00
9320,0,0,0.00,0.00
9325,0,0,0.00,0.00
9330,0,0,0.00,0.00
9335,0,0,0.00,0.00
9340,0,0,0.00,0.00
9345,0,0,0.00,0.00
9350,0,0,0.00,0.00
9355,0,0,0.00,0.00
9360,0,0,0.00,0.00
9365,0,0,0.00,0.00
9370,0,0,0.00,0.00
9375,0,0,0.00,0.00
9380,0,0,0.00,0.00
9385,0,0,0.00,0.00
9390,0,0,0.00,0.00
9395,0,0,0.00,0.00
9400,0,0,0.00,0.00
9405,0,0,0.00,0.00
9410,0,0,0.00,0.00
9415,0,0,0.00,0.00
9420,0,0,0.00,0.00
9425,0,0,0.00,0.00
9430,0,0,0.00,0.00
9435,0,0,0.00,0.00
9440,0,0,0.00,0.00
9445,0,0,0.00,0.00
9450,0,0,0.00,0.00
9455,0,0,0.00,0.00
9460,0,0,0.00,0.00
9465,0,0,0.00,0.00
9470,0,0,0.00,0.00
9475,0,0,0.00,0.00
9480,0,0,0.00,0.00
9485,0,0,0.00,0.00
9490,0,0,0.00,0.00
9495,0,0,0.00,0.00
9500,0,0,0.00,0.00
9505,0,0,0.00,0.00
9510,0,0,0.00,0.00
9515,0,0,0.00,0.00
9520,0,0,0.00,0.00
9525,0,0,0.00,0.00
9530,0,0,0.00,0.00
9535,0,0,0.00,0.00
9540,0,0,0.00,0.00
9545,0,0,0.00,0.00
9550,0,0,0.00,0.00
9555,0,0,0.00,0.00
9560,0,0,0.00,0.00
9565,0,0,0.00,0.00
9570,0,0,0.00,0.00
9575,0,0,0.00,0.00
9580,0,0,0.00,0.00
9585,0,0,0.00,0.00
9590,0,0,0.00,0.00
9595,0,0,0.00,0.00
9600,0,0,0.00,0.00
9605,0,0,0.00,0.00
9610,0,0,0.00,0.00
9615,0,0,0.00,0.00
9620,0,0,0.00,0.00
9625,0,0,0.00,0.00
9630,0,0,0.00,0.00
9635,0,0,0.00,0.00
9640,0,0,0.00,0.00
9645,0,0,0.00,0.00
9650,0,0,0.00,0.00
9655,0,0,0.00,0.00
9660,0,0,0.00,0.00
9665,0,0,0.00,0.00
9670,0,0,0.00,0.00
9675,0,0,0.00,0.00
9680,0,0,0.00,0.00
9685,0,0,0.00,0.00
9690,0,0,0.00,0.00
9695,0,0,0.00,0.00
9700,0,0,0.00,0.00
9705,0,0,0.00,0.00
9710,0,0,0.00,0.00
9715,0,0,0.00,0.00
9720,0,-1,-2.33,-2.33
9725,0,-1,0.00,0.00
9730,0,-2,-2.33,-2.33
9735,0,-2,0.00,0.00
9740,0,-3,-2.33,-2.33
9745,0,-3,0.00,0.00
9750,0,-5,-4.65,-4.65
9755,0,-5,0.00,0.00
9760,0,-6,-2.33,-2.33
9765,0,-6,0.00,0.00
9770,0,-7,-2.33,-2.33
9775,0,-7,0.00,0.00
9780,0,-7,0.00,0.00
9785,0,-7,0.00,0.00
9790,0,-8,-2.33,-2.33
9795,0,-8,0.00,0.00
9800,0,-9,-2.33,-2.33
9805,0,-9,0.00,0.00
9810,0,-10,-2.33,-2.33
9815,0,-10,0.00,0.00
9820,0,-10,0.00,0.00
9825,0,-10,0.00,0.00
9830,0,-10,0.00,0.00
9835,0,-11,-2.33,0.00
9840,0,-12,-2.33,-2.33
9845,0,-12,0.00,0.00
9850,0,-12,0.00,0.00
9855,0,-12,0.00,0.00
9860,0,-12,0.00,0.00
9865,0,-12,0.00,0.00
9870,0,-14,-4.65,-4.65
9875,0,-14,0.00,0.00
9880,0,-15,-2.33,-2.33
9885,0,-15,0.00,0.00
9890,0,-17,-4.65,-2.33
9895,0,-17,0.00,0.00
9900,0,-17,0.00,0.00
9905,0,-17,0.00,0.00
9910,0,-18,-2.33,-2.33
9915,0,-18,0.00,0.00
9920,0,-19,-2.33,-2.33
9925,0,-19,0.00,0.00
9930,0,-21,-4.65,-4.65
9935,0,-21,0.00,0.00
9940,0,-23,-4.65,-4.65
9945,0,-23,0.00,0.00
9950,0,-24,-2.33,-2.33
9955,0,-24,0.00,0.00
9960,0,-25,-2.33,-2.33
9965,0,-25,0.00,0.00
9970,0,-26,-2.33,-2.33
9975,0,-26,0.00,0.00
9980,0,-27,-2.33,-2.33
9985,0,-27,0.00,0.00
9990,0,-29,-4.65,-4.65
9995,0,-29,0.00,0.00
10000,0,-29,0.00,0.00
10005,0,-29,0.00,0.00
10010,32767,-31,-4.65,-4.65
10015,32767,-30,2.33,2.33
10020,32767,-27,6.98,6.98
10025,32767,-22,11.64,11.64
10030,32767,-17,11.64,9.31
10035,32767,-11,13.96,13.96
10040,32767,-7,9.31,9.31
10045,32767,0,16.29,16.29
10050,32767,7,16.29,13.96
10055,32767,15,18.62,16.29
10060,32767,24,20.94,20.94
10065,32767,33,20.94,18.62
10070,32767,43,23.27,23.27
10075,32767,53,23.27,23.27
10080,32767,63,23.27,23.27
10085,32767,74,25.60,25.60
10090,32767,85,25.60,23.27
10095,32767,97,27.93,25.60
10100,32767,109,27.93,27.93
10105,32767,121,27.93,27.93
10110,32767,135,32.58,32.58
10115,32767,147,27.93,27.93
10120,32767,160,30.25,32.58
10125,32767,174,32.58,27.93
10130,32767,185,25.60,27.93
10135,32767,199,32.58,27.93
10140,32767,211,27.93,30.25
10145,32767,225,32.58,27.93
10150,32767,239,32.58,30.25
10155,32767,252,32.58,32.58
10160,32767,267,32.58,34.91
10165,32767,280,32.58,32.58
10170,32767,294,30.25,32.58
10175,32767,308,32.58,30.25
10180,32767,323,34.91,34.91
10185,32767,337,34.91,32.58
10190,32767,350,27.93,27.93
10195,32767,365,34.91,32.58
10200,32767,379,32.58,32.58
10205,32767,393,32.58,32.58
10210,32767,407,32.58,32.58
10215,32767,422,34.91,32.58
10220,32767,436,34.91,32.58
10225,32767,451,32.58,32.58
10230,32767,465,32.58,34.91
10235,32767,480,34.91,32.58
10240,32767,495,34.91,32.58
10245,32767,509,32.58,32.58
10250,32767,523,32.58,32.58
10255,32767,539,37.23,32.58
10260,32767,553,32.58,32.58
10265,32767,567,34.91,34.91
10270,32767,583,34.91,32.58
10275,32767,597,32.58,32.58
10280,32767,611,34.91,34.91
10285,32767,627,34.91,32.58
10290,32767,641,32.58,34.91
10295,32767,656,34.91,32.58
10300,32767,671,34.91,32.58
10305,32767,685,32.58,37.23
10310,32767,701,37.23,32.58
10315,32767,715,32.58,32.58
10320,32767,730,34.91,34.91
10325,32767,745,34.91,32.58
10330,32767,759,32.58,34.91
10335,32767,775,37.23,32.58
10340,32767,789,32.58,34.91
10345,32767,804,34.91,32.58
10350,32767,819,34.91,32.58
10355,32767,833,34.91,34.91
10360,32767,849,34.91,32.58
10365,32767,863,32.58,34.91
10370,32767,879,37.23,32.58
10375,32767,893,32.58,32.58
10380,32767,908,34.91,34.91
10385,32767,923,34.91,32.58
10390,32767,937,34.91,34.91
10395,32767,953,34.91,32.58
10400,32767,967,32.58,34.91
10405,32767,983,37.23,32.58
10410,32767,997,32.58,32.58
10415,32767,1012,34.91,32.58
10420,32767,1027,34.91,32.58
10425,32767,1042,34.91,34.91
10430,32767,1057,34.91,32.58
10435,32767,1071,32.58,34.91
10440,32767,1087,37.23,32.58
10445,32767,1101,32.58,34.91
10450,32767,1116,34.91,32.58
10455,32767,1131,34.91,32.58
10460,32767,1146,34.91,34.91
10465,32767,1161,34.91,32.58
10470,32767,1175,32.58,34.91
10475,32767,1191,37.23,32.58
10480,32767,1205,32.58,34.91
10485,32767,1220,37.23,32.58
10490,32767,1235,32.58,32.58
10495,32767,1250,34.91,34.91
10500,32767,1265,34.91,32.58
10505,32767,1279,32.58,34.91
10510,32767,1295,37.23,32.58
10515,32767,1309,32.58,34.91
10520,32767,1324,37.23,32.58
10525,32767,1339,32.58,32.58
10530,32767,1354,34.91,34.91
10535,32767,1369,34.91,32.58
10540,32767,1383,32.58,34.91
10545,32767,1399,37.23,32.58
10550,32767,1413,32.58,32.58
10555,32767,1428,34.91,32.58
10560,32767,1443,34.91,32.58
10565,32767,1458,34.91,34.91
10570,32767,1473,34.91,32.58
10575,32767,1487,32.58,34.91
10580,32767,1503,37.23,32.58
10585,32767,1517,32.58,34.91
10590,32767,1532,34.91,32.58
10595,32767,1547,34.91,32.58
10600,32767,1562,34.91,34.91
10605,32767,1577,34.91,32.58
10610,32767,1591,32.58,34.91
10615,32767,1607,37.23,32.58
10620,32767,1621,32.58,34.91
10625,32767,1636,34.91,32.58
10630,32767,1651,34.91,32.58
10635,32767,1665,34.91,34.91
10640,32767,1681,34.91,32.58
10645,32767,1695,32.58,34.91
10650,32767,1711,37.23,32.58
10655,32767,1725,32.58,32.58
10660,32767,1740,34.91,32.58
10665,32767,1755,34.91,32.58
10670,32767,1770,34.91,34.91
10675,32767,1785,34.91,32.58
10680,32767,1799,32.58,34.91
10685,32767,1815,37.23,32.58
10690,32767,1829,32.58,32.58
10695,32767,1844,34.91,32.58
10700,32767,1859,34.91,32.58
10705,32767,1873,34.91,37.23
10710,32767,1889,34.91,32.58
10715,32767,1903,32.58,34.91
10720,32767,1919,37.23,32.58
10725,32767,1933,32.58,32.58
10730,32767,1948,34.91,34.91
10735,32767,1963,34.91,32.58
10740,32767,1977,32.58,34.91
10745,32767,1993,37.23,32.58
10750,32767,2007,32.58,32.58
10755,32767,2022,37.23,34.91
10760,32767,2037,32.58,32.58
10765,32767,2051,34.91,34.91
10770,32767,2067,34.91,32.58
10775,32767,2081,32.58,34.91
10780,32767,2096,37.23,32.58
10785,32767,2111,32.58,32.58
10790,32767,2126,34.91,34.91
10795,32767,2141,34.91,32.58
10800,32767,2155,32.58,34.91
10805,32767,2171,37.23,32.58
10810,32767,2185,32.58,34.91
10815,32767,2200,37.23,32.58
10820,32767,2215,32.58,32.58
10825,32767,2230,34.91,34.91
10830,32767,2245,34.91,32.58
10835,32767,2259,32.58,34.91
10840,32767,2275,37.23,32.58
10845,32767,2289,32.58,32.58
10850,32767,2304,34.91,34.91
10855,32767,2319,34.91,32.58
10860,32767,2333,32.58,37.23
10865,32767,2349,37.23,32.58
10870,32767,2363,32.58,34.91
10875,32767,2378,37.23,32.58
10880,32767,2393,32.58,32.58
10885,32767,2407,34.91,34.91
10890,32767,2423,34.91,32.58
10895,32767,2437,32.58,34.91
10900,32767,2452,37.23,32.58
10905,32767,2467,32.58,32.58
10910,32767,2482,34.91,34.91
10915,32767,2497,34.91,32.58
10920,32767,2511,32.58,34.91
10925,32767,2527,37.23,32.58
10930,32767,2541,32.58,32.58
10935,32767,2556,34.91,34.91
10940,32767,2571,34.91,32.58
10945,32767,2585,32.58,37.23
10950,32767,2601,37.23,32.58
10955,32767,2615,32.58,34.91
10960,32767,2630,37.23,32.58
10965,32767,2645,32.58,32.58
10970,32767,2659,34.91,34.91
10975,32767,2675,34.91,32.58
10980,32767,2689,32.58,34.91
10985,32767,2705,37.23,32.58
10990,32767,2719,32.58,32.58
10995,32767,2734,34.91,34.91
11000,32767,2749,34.91,32.58
11005,32767,2763,32.58,32.58
11010,32767,2779,37.23,32.58
11015,32767,2793,32.58,34.91
11020,32767,2808,37.23,32.58
11025,32767,2823,32.58,32.58
11030,32767,2838,34.91,34.91
11035,32767,2853,34.91,32.58
11040,32767,2867,32.58,34.91
11045,32767,2883,37.23,32.58
11050,32767,2897,32.58,32.58
11055,32767,2912,34.91,34.91
11060,32767,2927,34.91,32.58
11065,32767,2941,32.58,34.91
11070,32767,2957,37.23,32.58
11075,32767,2971,32.58,32.58
11080,32767,2986,34.91,34.91
11085,32767,3001,34.91,32.58
11090,32767,3015,32.58,34.91
11095,32767,3031,37.23,32.58
11100,32767,3045,32.58,34.91
11105,32767,3060,34.91,32.58
11110,32767,3075,34.91,32.58
11115,32767,3089,32.58,37.23
11120,32767,3105,37.23,32.58
11125,32767,3119,32.58,32.58
11130,32767,3134,34.91,32.58
11135,32767,3149,34.91,32.58
11140,32767,3163,32.58,34.91
11145,32767,3179,37.23,32.58
11150,32767,3193,32.58,34.91
11155,32767,3208,34.91,32.58
11160,32767,3223,34.91,32.58
11165,32767,3237,32.58,34.91
11170,32767,3253,37.23,32.58
11175,32767,3267,32.58,32.58
11180,32767,3282,37.23,34.91
11185,32767,3297,32.58,32.58
11190,32767,3311,34.91,34.91
11195,32767,3327,34.91,32.58
11200,32767,3341,32.58,34.91
11205,32767,3356,34.91,32.58
11210,32767,3371,34.91,32.58
11215,32767,3386,34.91,34.91
11220,32767,3401,34.91,32.58
11225,32767,3415,32.58,34.91
11230,32767,3431,37.23,32.58
11235,32767,3445,32.58,32.58
11240,32767,3459,34.91,34.91
11245,32767,3475,34.91,32.58
11250,32767,3489,32.58,34.91
11255,32767,3504,37.23,32.58
11260,32767,3519,32.58,32.58
11265,32767,3533,32.58,32.58
11270,32767,3548,34.91,32.58
11275,32767,3562,32.58,34.91
11280,32767,3578,37.23,32.58
11285,32767,3592,32.58,32.58
11290,32767,3606,34.91,34.91
11295,32767,3622,34.91,32.58
11300,32767,3636,32.58,34.91
11305,32767,3651,37.23,32.58
11310,32767,3666,32.58,32.58
11315,32767,3681,34.91,34.91
11320,32767,3696,34.91,32.58
11325,32767,3710,32.58,34.91
11330,32767,3726,37.23,32.58
11335,32767,3740,32.58,32.58
11340,32767,3755,34.91,34.91
11345,32767,3770,34.91,32.58
11350,32767,3784,32.58,34.91
11355,32767,3800,37.23,32.58
11360,32767,3814,32.58,32.58
11365,32767,3829,34.91,34.91
11370,32767,3844,34.91,32.58
11375,32767,3858,32.58,32.58
11380,32767,3874,37.23,32.58
11385,32767,3888,32.58,34.91
11390,32767,3903,34.91,32.58
11395,32767,3918,34.91,32.58
11400,32767,3932,34.91,34.91
11405,32767,3948,34.91,32.58
11410,32767,3962,32.58,34.91
11415,32767,3978,37.23,32.58
11420,32767,3992,32.58,32.58
11425,32767,4006,34.91,34.91
11430,32767,4022,34.91,32.58
11435,32767,4036,32.58,34.91
11440,32767,4051,34.91,32.58
11445,32767,4066,34.91,32.58
11450,32767,4081,34.91,34.91
11455,32767,4096,34.91,32.58
11460,32767,4110,32.58,34.91
11465,32767,4126,37.23,32.58
11470,32767,4140,32.58,32.58
11475,32767,4155,34.91,34.91
11480,32767,4170,34.91,32.58
11485,32767,4184,32.58,37.23
11490,32767,4200,37.23,32.58
11495,32767,4214,32.58,32.58
11500,32767,4229,34.91,34.91
11505,32767,4244,34.91,32.58
11510,32767,4258,34.91,34.91
11515,32767,4274,34.91,32.58
11520,32767,4288,32.58,34.91
11525,32767,4303,37.23,32.58
11530,32767,4318,32.58,32.58
11535,32767,4333,34.91,34.91
11540,32767,4348,34.91,32.58
11545,32767,4362,32.58,34.91
11550,32767,4378,37.23,32.58
11555,32767,4392,32.58,34.91
11560,32767,4407,37.23,32.58
11565,32767,4422,32.58,32.58
11570,32767,4437,34.91,34.91
11575,32767,4452,34.91,32.58
11580,32767,4466,32.58,32.58
11585,32767,4482,37.23,32.58
11590,32767,4496,32.58,34.91
11595,32767,4511,37.23,32.58
11600,32767,4526,32.58,32.58
11605,32767,4541,34.91,34.91
11610,32767,4556,34.91,32.58
11615,32767,4570,32.58,34.91
11620,32767,4586,37.23,32.58
11625,32767,4600,32.58,32.58
11630,32767,4615,34.91,32.58
11635,32767,4630,34.91,32.58
11640,32767,4644,34.91,37.23
11645,32767,4660,34.91,32.58
11650,32767,4674,32.58,34.91
11655,32767,4689,37.23,32.58
11660,32767,4704,32.58,32.58
11665,32767,4718,32.58,34.91
11670,32767,4734,37.23,32.58
11675,32767,4748,32.58,34.91
11680,32767,4764,37.23,32.58
11685,32767,4778,32.58,32.58
11690,32767,4793,34.91,34.91
11695,32767,4808,34.91,32.58
11700,32767,4822,32.58,34.91
11705,32767,4838,37.23,32.58
11710,32767,4852,32.58,34.91
11715,32767,4867,34.91,32.58
11720,32767,4882,34.91,32.58
11725,32767,4897,34.91,34.91
11730,32767,4912,34.91,32.58
11735,32767,4926,32.58,34.91
11740,32767,4942,37.23,32.58
11745,32767,4956,32.58,32.58
11750,32767,4971,34.91,34.91
11755,32767,4986,34.91,32.58
11760,32767,5000,32.58,34.91
11765,32767,5016,37.23,32.58
11770,32767,5030,32.58,32.58
11775,32767,5045,37.23,34.91
11780,32767,5060,32.58,32.58
11785,32767,5074,32.58,34.91
11790,32767,5090,37.23,32.58
11795,32767,5104,32.58,34.91
11800,32767,5119,34.91,32.58
11805,32767,5134,34.91,32.58
11810,32767,5149,34.91,34.91
11815,32767,5164,34.91,32.58
11820,32767,5178,32.58,34.91
11825,32767,5194,37.23,32.58
11830,32767,5208,32.58,32.58
11835,32767,5223,34.91,34.91
11840,32767,5238,34.91,32.58
11845,32767,5252,32.58,34.91
11850,32767,5268,37.23,32.58
11855,32767,5282,32.58,32.58
11860,32767,5297,37.23,34.91
11865,32767,5312,32.58,32.58
11870,32767,5326,34.91,34.91
11875,32767,5342,34.91,32.58
11880,32767,5356,32.58,34.91
11885,32767,5371,37.23,32.58
11890,32767,5386,32.58,32.58
11895,32767,5401,34.91,34.91
11900,32767,5416,34.91,32.58
11905,32767,5430,32.58,34.91
11910,32767,5446,37.23,32.58
11915,32767,5460,32.58,34.91
11920,32767,5475,34.91,32.58
11925,32767,5490,34.91,32.58
11930,32767,5504,34.91,34.91
11935,32767,5520,34.91,32.58
11940,32767,5534,32.58,34.91
11945,32767,5550,37.23,32.58
11950,32767,5564,32.58,32.58
11955,32767,5579,34.91,34.91
11960,32767,5594,34.91,32.58
11965,32767,5608,32.58,37.23
11970,32767,5624,37.23,32.58
11975,32767,5638,32.58,32.58
11980,32767,5653,34.91,34.91
11985,32767,5668,34.91,32.58
11990,32767,5682,32.58,34.91
11995,32767,5698,37.23,32.58
12000,32767,5712,32.58,34.91
12005,32767,5727,37.23,32.58
12010,32767,5742,32.58,32.58
12015,32767,5757,34.91,34.91
12020,32767,5772,34.91,32.58
12025,32767,5786,32.58,34.91
12030,32767,5802,37.23,32.58
12035,32767,5816,32.58,32.58
12040,32767,5831,34.91,34.91
12045,32767,5846,34.91,32.58
12050,32767,5860,32.58,37.23
12055,32767,5876,37.23,32.58
12060,32767,5890,32.58,32.58
12065,32767,5905,34.91,34.91
12070,32767,5920,34.91,32.58
12075,32767,5934,32.58,34.91
12080,32767,5950,37.23,32.58
12085,32767,5964,32.58,34.91
12090,32767,5979,34.91,32.58
12095,32767,5994,34.91,32.58
12100,32767,6008,34.91,34.91
12105,32767,6024,34.91,32.58
12110,32767,6038,32.58,34.91
12115,32767,6054,37.23,32.58
12120,32767,6068,32.58,32.58
12125,32767,6083,34.91,34.91
12130,32767,6098,34.91,32.58
12135,32767,6112,32.58,34.91
12140,32767,6127,37.23,32.58
12145,32767,6142,32.58,32.58
12150,32767,6157,34.91,34.91
12155,32767,6172,34.91,32.58
12160,32767,6186,32.58,34.91
12165,32767,6202,37.23,32.58
12170,32767,6216,32.58,32.58
12175,32767,6231,34.91,34.91
12180,32767,6246,34.91,32.58
12185,32767,6260,32.58,34.91
12190,32767,6276,37.23,32.58
12195,32767,6290,32.58,32.58
12200,32767,6305,34.91,34.91
12205,32767,6320,34.91,32.58
12210,32767,6334,32.58,34.91
12215,32767,6350,37.23,32.58
12220,32767,6364,32.58,34.91
12225,32767,6379,34.91,32.58
12230,32767,6394,34.91,32.58
12235,32767,6409,34.91,34.91
12240,32767,6424,34.91,32.58
12245,32767,6438,32.58,34.91
12250,32767,6454,37.23,32.58
12255,32767,6468,32.58,32.58
12260,32767,6482,34.91,34.91
12265,32767,6498,34.91,32.58
12270,32767,6512,32.58,34.91
12275,32767,6528,37.23,32.58
12280,32767,6542,32.58,32.58
12285,32767,6557,34.91,34.91
12290,32767,6572,34.91,32.58
12295,32767,6586,32.58,34.91
12300,32767,6602,37.23,32.58
12305,32767,6616,32.58,34.91
12310,32767,6631,34.91,32.58
12315,32767,6646,34.91,32.58
12320,32767,6661,34.91,34.91
12325,32767,6676,34.91,32.58
12330,32767,6690,32.58,34.91
12335,32767,6706,37.23,32.58
12340,32767,6720,32.58,32.58
12345,32767,6734,34.91,34.91
12350,32767,6750,34.91,32.58
12355,32767,6764,32.58,34.91
12360,32767,6780,37.23,32.58
12365,32767,6794,32.58,32.58
12370,32767,6808,32.58,32.58
12375,32767,6823,34.91,32.58
12380,32767,6837,32.58,34.91
12385,32767,6853,37.23,32.58
12390,32767,6867,32.58,34.91
12395,32767,6882,34.91,32.58
12400,32767,6897,34.91,32.58
12405,32767,6911,34.91,37.23
12410,32767,6927,34.91,32.58
12415,32767,6941,32.58,34.91
12420,32767,6956,37.23,32.58
12425,32767,6971,32.58,32.58
12430,32767,6985,32.58,34.91
12435,32767,7001,37.23,32.58
12440,32767,7015,32.58,34.91
12445,32767,7030,37.23,32.58
12450,32767,7045,32.58,32.58
12455,32767,7060,34.91,34.91
12460,32767,7075,34.91,32.58
12465,32767,7089,32.58,34.91
12470,32767,7105,37.23,32.58
12475,32767,7119,32.58,32.58
12480,32767,7134,34.91,34.91
12485,32767,7149,34.91,32.58
12490,32767,7163,32.58,34.91
12495,32767,7179,37.23,32.58
12500,32767,7193,32.58,32.58
12505,32767,7208,37.23,34.91
12510,32767,7223,32.58,32.58
12515,32767,7237,32.58,32.58
12520,32767,7253,37.23,32.58
12525,32767,7267,32.58,34.91
12530,32767,7282,34.91,32.58
12535,32767,7297,34.91,32.58
12540,32767,7312,34.91,34.91
12545,32767,7327,34.91,32.58
12550,32767,7341,32.58,34.91
12555,32767,7357,37.23,32.58
12560,32767,7371,32.58,32.58
12565,32767,7386,34.91,34.91
12570,32767,7401,34.91,32.58
12575,32767,7415,32.58,34.91
12580,32767,7431,37.23,32.58
12585,32767,7445,32.58,32.58
12590,32767,7460,34.91,34.91
12595,32767,7475,34.91,32.58
12600,32767,7489,32.58,32.58
12605,32767,7505,37.23,32.58
12610,32767,7519,32.58,34.91
12615,32767,7534,37.23,32.58
12620,32767,7549,32.58,32.58
12625,32767,7564,34.91,34.91
12630,32767,7579,34.91,32.58
12635,32767,7593,32.58,34.91
12640,32767,7609,37.23,32.58
12645,32767,7623,32.58,32.58
12650,32767,7638,34.91,34.91
12655,32767,7653,34.91,32.58
12660,32767,7667,32.58,34.91
12665,32767,7683,37.23,32.58
12670,32767,7697,32.58,34.91
12675,32767,7712,37.23,34.91
12680,32767,7727,32.58,32.58
12685,32767,7741,32.58,34.91
12690,32767,7757,37.23,32.58
12695,32767,7771,32.58,34.91
12700,32767,7786,37.23,32.58
12705,32767,7801,32.58,32.58
12710,32767,7815,34.91,34.91
12715,32767,7831,34.91,32.58
12720,32767,7845,32.58,34.91
12725,32767,7860,37.23,32.58
12730,32767,7875,32.58,32.58
12735,32767,7889,34.91,34.91
12740,32767,7905,34.91,32.58
12745,32767,7919,32.58,34.91
12750,32767,7935,37.23,32.58
12755,32767,7949,32.58,32.58
12760,32767,7964,34.91,34.91
12765,32767,7979,34.91,32.58
12770,32767,7993,32.58,32.58
12775,32767,8009,37.23,32.58
12780,32767,8023,32.58,34.91
12785,32767,8038,34.91,32.58
12790,32767,8053,34.91,32.58
12795,32767,8068,34.91,34.91
12800,32767,8083,34.91,32.58
12805,32767,8097,32.58,34.91
12810,32767,8113,37.23,32.58
12815,32767,8127,32.58,32.58
12820,32767,8142,34.91,34.91
12825,32767,8157,34.91,32.58
12830,32767,8171,32.58,37.23
12835,32767,8187,37.23,32.58
12840,32767,8201,32.58,34.91
12845,32767,8216,37.23,32.58
12850,32767,8232,34.91,34.91
12855,32767,8246,32.58,34.91
12860,32767,8262,37.23,32.58
12865,32767,8276,32.58,34.91
12870,32767,8292,37.23,32.58
12875,32767,8306,32.58,32.58
12880,32767,8321,34.91,34.91
12885,32767,8336,34.91,32.58
12890,32767,8350,32.58,34.91
12895,32767,8366,37.23,32.58
12900,32767,8380,32.58,34.91
12905,32767,8395,34.91,32.58
12910,32767,8410,34.91,32.58
12915,32767,8424,34.91,34.91
12920,32767,8440,34.91,32.58
12925,32767,8454,32.58,34.91
12930,32767,8470,37.23,32.58
12935,32767,8485,34.91,34.91
12940,32767,8499,34.91,34.91
12945,32767,8515,34.91,32.58
12950,32767,8529,32.58,34.91
12955,32767,8545,37.23,32.58
12960,32767,8559,32.58,32.58
12965,32767,8574,34.91,34.91
12970,32767,8589,34.91,32.58
12975,32767,8603,32.58,34.91
12980,32767,8619,37.23,32.58
12985,32767,8633,32.58,34.91
12990,32767,8648,34.91,32.58
12995,32767,8663,34.91,32.58
13000,32767,8678,34.91,34.91
13005,32767,8693,34.91,32.58
13010,32767,8707,32.58,34.91
13015,32767,8723,37.23,32.58
13020,32767,8737,32.58,32.58
13025,32767,8752,34.91,34.91
13030,32767,8767,34.91,32.58
13035,32767,8781,32.58,37.23
13040,32767,8797,37.23,32.58
13045,32767,8811,32.58,34.91
13050,32767,8827,37.23,32.58
13055,32767,8841,32.58,32.58
13060,32767,8856,34.91,34.91
13065,32767,8871,34.91,32.58
13070,32767,8885,32.58,34.91
13075,32767,8901,37.23,32.58
13080,32767,8915,32.58,32.58
13085,32767,8930,34.91,34.91
13090,32767,8945,34.91,32.58
13095,32767,8959,32.58,34.91
13100,32767,8975,37.23,32.58
13105,32767,8989,32.58,34.91
13110,32767,9004,34.91,32.58
13115,32767,9019,34.91,32.58
13120,32767,9033,34.91,34.91
13125,32767,9049,34.91,32.58
13130,32767,9063,32.58,34.91
13135,32767,9079,37.23,32.58
13140,32767,9093,32.58,32.58
13145,32767,9108,34.91,34.91
13150,32767,9123,34.91,32.58
13155,32767,9137,32.58,34.91
13160,32767,9153,37.23,32.58
13165,32767,9167,32.58,32.58
13170,32767,9182,34.91,34.91
13175,32767,9197,34.91,32.58
13180,32767,9211,32.58,34.91
13185,32767,9227,37.23,32.58
13190,32767,9241,32.58,34.91
13195,32767,9256,34.91,32.58
13200,32767,9271,34.91,32.58
13205,32767,9285,34.91,34.91
13210,32767,9301,34.91,32.58
13215,32767,9315,32.58,34.91
13220,32767,9331,37.23,32.58
13225,32767,9345,32.58,32.58
13230,32767,9360,34.91,34.91
13235,32767,9375,34.91,32.58
13240,32767,9389,32.58,34.91
13245,32767,9405,37.23,32.58
13250,32767,9419,32.58,32.58
13255,32767,9434,34.91,34.91
13260,32767,9449,34.91,32.58
13265,32767,9463,32.58,34.91
13270,32767,9479,37.23,32.58
13275,32767,9493,32.58,34.91
13280,32767,9508,34.91,32.58
13285,32767,9523,34.91,32.58
13290,32767,9537,32.58,34.91
13295,32767,9553,37.23,32.58
13300,32767,9567,32.58,34.91
13305,32767,9583,37.23,32.58
13310,32767,9597,32.58,32.58
13315,32767,9612,34.91,34.91
13320,32767,9627,34.91,32.58
13325,32767,9641,32.58,34.91
13330,32767,9656,37.23,32.58
13335,32767,9671,32.58,32.58
13340,32767,9686,34.91,34.91
13345,32767,9701,34.91,32.58
13350,32767,9715,32.58,34.91
13355,32767,9731,37.23,32.58
13360,32767,9745,32.58,34.91
13365,32767,9760,34.91,32.58
13370,32767,9775,34.91,32.58
13375,32767,9789,32.58,34.91
13380,32767,9805,37.23,32.58
13385,32767,9819,32.58,34.91
13390,32767,9835,37.23,32.58
13395,32767,9849,32.58,32.58
13400,32767,9864,34.91,34.91
13405,32767,9879,34.91,32.58
13410,32767,9893,32.58,34.91
13415,32767,9908,37.23,32.58
13420,32767,9923,32.58,32.58
13425,32767,9938,34.91,34.91
13430,32767,9953,34.91,32.58
13435,32767,9967,32.58,34.91
13440,32767,9983,37.23,32.58
13445,32767,9997,32.58,32.58
13450,32767,10012,34.91,34.91
13455,32767,10027,34.91,32.58
13460,32767,10041,32.58,34.91
13465,32767,10057,37.23,32.58
13470,32767,10071,32.58,32.58
13475,32767,10086,34.91,34.91
13480,32767,10101,34.91,32.58
13485,32767,10115,32.58,34.91
13490,32767,10131,37.23,32.58
13495,32767,10145,32.58,34.91
13500,32767,10160,34.91,32.58
13505,32767,10175,34.91,32.58
13510,32767,10189,32.58,34.91
13515,32767,10205,37.23,32.58
13520,32767,10219,32.58,32.58
13525,32767,10234,37.23,34.91
13530,32767,10249,32.58,32.58
13535,32767,10263,32.58,34.91
13540,32767,10280,39.56,32.58
13545,32767,10294,32.58,32.58
13550,32767,10309,34.91,32.58
13555,32767,10324,34.91,32.58
13560,32767,10338,32.58,37.23
13565,32767,10354,37.23,32.58
13570,32767,10368,32.58,34.91
13575,32767,10383,34.91,32.58
13580,32767,10398,34.91,32.58
13585,32767,10412,32.58,32.58
13590,32767,10428,37.23,32.58
13595,32767,10442,32.58,34.91
13600,32767,10457,34.91,32.58
13605,32767,10472,34.91,32.58
13610,32767,10486,32.58,37.23
13615,32767,10502,37.23,32.58
13620,32767,10516,32.58,32.58
13625,32767,10531,34.91,34.91
13630,32767,10546,34.91,32.58
13635,32767,10560,32.58,34.91
13640,32767,10576,37.23,32.58
13645,32767,10590,32.58,34.91
13650,32767,10605,34.91,32.58
13655,32767,10620,34.91,32.58
13660,32767,10634,32.58,34.91
13665,32767,10650,37.23,32.58
13670,32767,10664,32.58,34.91
13675,32767,10679,37.23,34.91
13680,32767,10694,32.58,32.58
13685,32767,10708,32.58,34.91
13690,32767,10724,37.23,32.58
13695,32767,10738,32.58,34.91
13700,32767,10753,34.91,32.58
13705,32767,10768,34.91,32.58
13710,32767,10783,34.91,37.23
13715,32767,10798,34.91,32.58
13720,32767,10812,32.58,34.91
13725,32767,10827,37.23,32.58
13730,32767,10842,32.58,32.58
13735,32767,10856,34.91,34.91
13740,32767,10872,34.91,32.58
13745,32767,10886,32.58,34.91
13750,32767,10902,37.23,32.58
13755,32767,10916,32.58,32.58
13760,32767,10931,34.91,34.91
13765,32767,10946,34.91,32.58
13770,32767,10960,32.58,34.91
13775,32767,10976,37.23,32.58
13780,32767,10990,32.58,32.58
13785,32767,11005,34.91,34.91
13790,32767,11020,34.91,32.58
13795,32767,11034,32.58,34.91
13800,32767,11049,37.23,32.58
13805,32767,11064,32.58,32.58
13810,32767,11079,34.91,34.91
13815,32767,11094,34.91,32.58
13820,32767,11108,32.58,34.91
13825,32767,11124,37.23,32.58
13830,32767,11138,32.58,32.58
13835,32767,11153,34.91,34.91
13840,32767,11168,34.91,32.58
13845,32767,11182,32.58,34.91
13850,32767,11197,37.23,32.58
13855,32767,11212,32.58,32.58
13860,32767,11227,34.91,34.91
13865,32767,11242,34.91,32.58
13870,32767,11256,32.58,34.91
13875,32767,11272,37.23,32.58
13880,32767,11286,32.58,32.58
13885,32767,11300,34.91,34.91
13890,32767,11316,34.91,32.58
13895,32767,11330,32.58,34.91
13900,32767,11346,37.23,32.58
13905,32767,11360,32.58,32.58
13910,32767,11375,34.91,34.91
13915,32767,11390,34.91,32.58
13920,32767,11404,32.58,34.91
13925,32767,11420,37.23,32.58
13930,32767,11434,32.58,32.58
13935,32767,11449,34.91,32.58
13940,32767,11464,34.91,32.58
13945,32767,11478,34.91,37.23
13950,32767,11494,34.91,32.58
13955,32767,11508,32.58,34.91
13960,32767,11523,37.23,34.91
13965,32767,11538,32.58,32.58
13970,32767,11552,32.58,34.91
13975,32767,11568,37.23,32.58
13980,32767,11582,32.58,34.91
13985,32767,11597,34.91,32.58
13990,32767,11612,34.91,32.58
13995,32767,11626,34.91,37.23
14000,32767,11642,34.91,32.58
14005,32767,11656,32.58,34.91
14010,32767,11671,37.23,32.58
14015,32767,11686,32.58,32.58
14020,32767,11700,32.58,34.91
14025,32767,11716,37.23,32.58
14030,32767,11730,32.58,34.91
14035,32767,11745,37.23,32.58
14040,32767,11760,32.58,32.58
14045,32767,11774,34.91,34.91
14050,32767,11790,34.91,32.58
14055,32767,11804,32.58,34.91
14060,32767,11819,37.23,32.58
14065,32767,11834,32.58,32.58
14070,32767,11848,34.91,34.91
14075,32767,11864,34.91,32.58
14080,32767,11878,32.58,34.91
14085,32767,11893,34.91,32.58
14090,32767,11908,34.91,32.58
14095,32767,11922,34.91,34.91
14100,32767,11938,34.91,32.58
14105,32767,11952,32.58,34.91
14110,32767,11967,37.23,34.91
14115,32767,11982,32.58,32.58
14120,32767,11996,32.58,34.91
14125,32767,12012,37.23,32.58
14130,32767,12026,32.58,34.91
14135,32767,12041,34.91,32.58
14140,32767,12056,34.91,32.58
14145,32767,12070,34.91,37.23
14150,32767,12086,34.91,32.58
14155,32767,12100,32.58,34.91
14160,32767,12115,37.23,32.58
14165,32767,12130,32.58,32.58
14170,32767,12144,32.58,32.58
14175,32767,12160,37.23,32.58
14180,32767,12174,32.58,34.91
14185,32767,12189,34.91,32.58
14190,32767,12204,34.91,32.58
14195,32767,12218,32.58,37.23
14200,32767,12234,37.23,32.58
14205,32767,12248,32.58,32.58
14210,32767,12263,34.91,34.91
14215,32767,12278,34.91,32.58
14220,32767,12292,32.58,34.91
14225,32767,12308,37.23,32.58
14230,32767,12322,32.58,34.91
14235,32767,12337,34.91,32.58
14240,32767,12352,34.91,32.58
14245,32767,12366,32.58,37.23
14250,32767,12382,37.23,32.58
14255,32767,12396,32.58,32.58
14260,32767,12411,37.23,34.91
14265,32767,12426,32.58,32.58
14270,32767,12440,32.58,34.91
14275,32767,12456,37.23,32.58
14280,32767,12470,32.58,34.91
14285,32767,12485,34.91,32.58
14290,32767,12500,34.91,32.58
14295,32767,12514,34.91,37.23
14300,32767,12530,34.91,32.58
14305,32767,12544,32.58,34.91
14310,32767,12559,37.23,34.91
14315,32767,12574,32.58,32.58
14320,32767,12588,32.58,34.91
14325,32767,12604,37.23,32.58
14330,32767,12618,32.58,34.91
14335,32767,12633,34.91,32.58
14340,32767,12648,34.91,32.58
14345,32767,12662,32.58,37.23
14350,32767,12678,37.23,32.58
14355,32767,12692,32.58,34.91
14360,32767,12707,34.91,32.58
14365,32767,12722,34.91,32.58
14370,32767,12736,32.58,32.58
14375,32767,12752,37.23,32.58
14380,32767,12766,32.58,34.91
14385,32767,12781,34.91,32.58
14390,32767,12796,34.91,32.58
14395,32767,12810,32.58,37.23
14400,32767,12826,37.23,32.58
14405,32767,12840,32.58,32.58
14410,32767,12855,34.91,34.91
14415,32767,12870,34.91,32.58
14420,32767,12884,32.58,34.91
14425,32767,12900,37.23,32.58
14430,32767,12914,32.58,32.58
14435,32767,12929,34.91,32.58
14440,32767,12944,34.91,32.58
14445,32767,12958,32.58,34.91
14450,32767,12974,37.23,32.58
14455,32767,12988,32.58,32.58
14460,32767,13003,34.91,34.91
14465,32767,13018,34.91,32.58
14470,32767,13032,32.58,34.91
14475,32767,13048,37.23,32.58
14480,32767,13062,32.58,32.58
14485,32767,13077,34.91,34.91
14490,32767,13092,34.91,32.58
14495,32767,13106,32.58,34.91
14500,32767,13122,37.23,32.58
14505,32767,13136,32.58,32.58
14510,32767,13151,34.91,34.91
14515,32767,13166,34.91,32.58
14520,32767,13180,32.58,34.91
14525,32767,13196,37.23,32.58
14530,32767,13210,32.58,32.58
14535,32767,13225,34.91,34.91
14540,32767,13240,34.91,32.58
14545,32767,13254,32.58,34.91
14550,32767,13269,37.23,32.58
14555,32767,13284,32.58,32.58
14560,32767,13299,34.91,34.91
14565,32767,13314,34.91,32.58
14570,32767,13328,32.58,34.91
14575,32767,13344,37.23,32.58
14580,32767,13358,32.58,32.58
14585,32767,13372,34.91,34.91
14590,32767,13388,34.91,32.58
14595,32767,13402,32.58,34.91
14600,32767,13418,37.23,32.58
14605,32767,13432,32.58,32.58
14610,32767,13447,34.91,34.91
14615,32767,13462,34.91,32.58
14620,32767,13476,32.58,34.91
14625,32767,13492,37.23,32.58
14630,32767,13506,32.58,32.58
14635,32767,13521,34.91,34.91
14640,32767,13536,34.91,32.58
14645,32767,13550,32.58,34.91
14650,32767,13566,37.23,32.58
14655,32767,13580,32.58,32.58
14660,32767,13595,34.91,34.91
14665,32767,13610,34.91,32.58
14670,32767,13624,32.58,32.58
14675,32767,13640,37.23,32.58
14680,32767,13654,32.58,32.58
14685,32767,13669,34.91,34.91
14690,32767,13684,34.91,32.58
14695,32767,13698,32.58,37.23
14700,32767,13714,37.23,32.58
14705,32767,13728,32.58,32.58
14710,32767,13743,34.91,34.91
14715,32767,13758,34.91,32.58
14720,32767,13772,32.58,34.91
14725,32767,13789,37.23,32.58
14730,32767,13802,32.58,34.91
14735,32767,13817,34.91,34.91
14740,32767,13832,34.91,32.58
14745,32767,13845,30.25,34.91
14750,32767,13860,34.91,30.25
14755,32767,13874,32.58,32.58
14760,32767,13889,34.91,34.91
14765,32767,13904,34.91,32.58
14770,32767,13917,30.25,32.58
14775,32767,13933,37.23,32.58
14780,32767,13946,30.25,30.25
14785,32767,13959,32.58,32.58
14790,32767,13975,34.91,32.58
14795,32767,13989,32.58,34.91
14800,32767,14004,34.91,30.25
14805,32767,14018,30.25,30.25
14810,32767,14031,32.58,32.58
14815,32767,14046,34.91,32.58
14820,32767,14060,32.58,34.91
14825,32767,14075,37.23,30.25
14830,32767,14089,30.25,32.58
14835,32767,14102,32.58,32.58
14840,32767,14118,34.91,32.58
14845,32767,14132,32.58,34.91
14850,32767,14147,34.91,32.58
14855,32767,14162,34.91,32.58
14860,32767,14176,34.91,34.91
14865,32767,14192,34.91,32.58
14870,32767,14205,30.25,32.58
14875,32767,14220,37.23,34.91
14880,32767,14233,27.93,27.93
14885,32767,14246,32.58,32.58
14890,32767,14262,34.91,32.58
14895,32767,14275,30.25,32.58
14900,32767,14290,34.91,32.58
14905,32767,14305,34.91,32.58
14910,32767,14319,34.91,34.91
14915,32767,14335,34.91,32.58
14920,32767,14348,30.25,32.58
14925,32767,14363,37.23,34.91
14930,32767,14378,32.58,32.58
14935,32767,14392,32.58,32.58
14940,32767,14408,37.23,32.58
14945,32767,14423,34.91,37.23
14950,32767,14437,32.58,30.25
14955,32767,14452,34.91,32.58
14960,32767,14465,32.58,34.91
14965,32767,14480,32.58,30.25
14970,32767,14493,30.25,32.58
14975,32767,14507,32.58,30.25
14980,32767,14521,32.58,30.25
14985,32767,14534,30.25,30.25
14990,32767,14549,34.91,30.25
14995,32767,14563,32.58,34.91
15000,32767,14577,32.58,30.25
15005,32767,14593,37.23,34.91
15010,32767,14608,34.91,37.23
15015,32767,14624,37.23,32.58
15020,32767,14638,32.58,32.58
15025,32767,14653,34.91,34.91
15030,32767,14666,30.25,27.93
15035,32767,14679,30.25,32.58
15040,32767,14695,37.23,32.58
15045,32767,14709,32.58,34.91
15050,32767,14724,34.91,32.58
15055,32767,14739,34.91,32.58
15060,32767,14754,34.91,39.56
15065,32767,14769,34.91,30.25
15070,32767,14782,30.25,30.25
15075,32767,14797,37.23,32.58
15080,32767,14811,30.25,32.58
15085,32767,14825,32.58,32.58
15090,32767,14842,39.56,34.91
15095,32767,14856,32.58,32.58
15100,32767,14870,32.58,30.25
15105,32767,14885,34.91,32.58
15110,32767,14897,30.25,32.58
15115,32767,14912,32.58,30.25
15120,32767,14926,32.58,34.91
15125,32767,14941,34.91,34.91
15130,32767,14954,30.25,30.25
15135,32767,14968,32.58,32.58
15140,32767,14983,34.91,30.25
15145,32767,14997,32.58,34.91
15150,32767,15012,34.91,34.91
15155,32767,15027,34.91,32.58
15160,32767,15040,30.25,37.23
15165,32767,15056,37.23,34.91
15170,32767,15071,34.91,32.58
15175,32767,15085,32.58,32.58
15180,32767,15100,34.91,32.58
15185,32767,15114,32.58,34.91
15190,32767,15130,37.23,32.58
15195,32767,15144,32.58,32.58
15200,32767,15160,37.23,37.23
15205,32767,15176,37.23,34.91
15210,32767,15190,32.58,34.91
15215,32767,15206,37.23,32.58
15220,32767,15221,34.91,34.91
15225,32767,15235,32.58,32.58
15230,32767,15249,32.58,30.25
15235,32767,15263,32.58,34.91
15240,32767,15279,37.23,32.58
15245,32767,15294,34.91,34.91
15250,32767,15308,34.91,34.91
15255,32767,15324,34.91,32.58
15260,32767,15339,34.91,37.23
15265,32767,15353,34.91,30.25
15270,32767,15368,32.58,32.58
15275,32767,15382,34.91,34.91
15280,32767,15398,34.91,32.58
15285,32767,15412,32.58,34.91
15290,32767,15426,34.91,30.25
15295,32767,15441,32.58,32.58
15300,32767,15454,30.25,32.58
15305,32767,15470,37.23,30.25
15310,32767,15483,30.25,34.91
15315,32767,15498,34.91,32.58
15320,32767,15513,34.91,32.58
15325,32767,15527,32.58,34.91
15330,32767,15542,34.91,30.25
15335,32767,15556,32.58,32.58
15340,32767,15570,32.58,32.58
15345,32767,15584,32.58,30.25
15350,32767,15598,32.58,32.58
15355,32767,15615,39.56,34.91
15360,32767,15628,30.25,30.25
15365,32767,15643,34.91,32.58
15370,32767,15657,32.58,30.25
15375,32767,15672,34.91,37.23
15380,32767,15689,39.56,34.91
15385,32767,15702,30.25,30.25
15390,32767,15717,34.91,34.91
15395,32767,15732,34.91,32.58
15400,32767,15746,32.58,34.91
15405,32767,15762,37.23,32.58
15410,32767,15776,32.58,32.58
15415,32767,15791,34.91,34.91
15420,32767,15806,34.91,32.58
15425,32767,15820,32.58,37.23
15430,32767,15836,37.23,32.58
15435,32767,15851,34.91,32.58
15440,32767,15864,32.58,32.58
15445,32767,15879,32.58,30.25
15450,32767,15894,34.91,37.23
15455,32767,15909,37.23,34.91
15460,32767,15923,30.25,30.25
15465,32767,15936,30.25,30.25
15470,32767,15951,34.91,30.25
15475,32767,15964,30.25,30.25
15480,32767,15978,32.58,32.58
15485,32767,15993,34.91,32.58
15490,32767,16007,32.58,34.91
15495,32767,16022,34.91,30.25
15500,32767,16035,30.25,30.25
15505,32767,16050,34.91,34.91
15510,32767,16064,32.58,32.58
15515,32767,16078,32.58,34.91
15520,32767,16094,37.23,32.58
15525,32767,16108,32.58,32.58
15530,32767,16123,34.91,34.91
15535,32767,16138,34.91,32.58
15540,32767,16152,32.58,34.91
15545,32767,16167,37.23,32.58
15550,32767,16183,34.91,34.91
15555,32767,16198,34.91,34.91
15560,32767,16213,34.91,32.58
15565,32767,16226,30.25,32.58
15570,32767,16241,34.91,30.25
15575,32767,16255,32.58,32.58
15580,32767,16270,34.91,34.91
15585,32767,16286,37.23,34.91
15590,32767,16300,32.58,34.91
15595,32767,16316,37.23,32.58
15600,32767,16330,32.58,32.58
15605,32767,16345,34.91,34.91
15610,32767,16360,34.91,32.58
15615,32767,16374,32.58,32.58
15620,32767,16389,34.91,30.25
15625,32767,16403,34.91,34.91
15630,32767,16418,32.58,30.25
15635,32767,16432,32.58,30.25
15640,32767,16446,34.91,37.23
15645,32767,16462,34.91,32.58
15650,32767,16476,32.58,34.91
15655,32767,16491,34.91,34.91
15660,32767,16506,34.91,32.58
15665,32767,16520,30.25,30.25
15670,32767,16535,37.23,32.58
15675,32767,16548,30.25,32.58
15680,32767,16562,32.58,30.25
15685,32767,16578,37.23,34.91
15690,32767,16593,37.23,39.56
15695,32767,16609,34.91,32.58
15700,32767,16623,32.58,32.58
15705,32767,16638,34.91,32.58
15710,32767,16653,34.91,32.58
15715,32767,16667,32.58,34.91
15720,32767,16682,34.91,30.25
15725,32767,16697,34.91,37.23
15730,32767,16712,37.23,32.58
15735,32767,16727,32.58,32.58
15740,32767,16741,32.58,32.58
15745,32767,16756,34.91,32.58
15750,32767,16771,34.91,37.23
15755,32767,16787,37.23,32.58
15760,32767,16800,30.25,30.25
15765,32767,16815,34.91,34.91
15770,32767,16830,34.91,32.58
15775,32767,16844,32.58,37.23
15780,32767,16860,37.23,32.58
15785,32767,16874,32.58,32.58
15790,32767,16889,34.91,34.91
15795,32767,16903,32.58,30.25
15800,32767,16916,30.25,32.58
15805,32767,16933,39.56,34.91
15810,32767,16947,32.58,34.91
15815,32767,16961,32.58,30.25
15820,32767,16975,32.58,30.25
15825,32767,16988,30.25,32.58
15830,32767,17004,37.23,32.58
15835,32767,17018,32.58,34.91
15840,32767,17033,37.23,34.91
15845,32767,17048,32.58,34.91
15850,32767,17063,37.23,34.91
15855,32767,17079,34.91,32.58
15860,32767,17093,32.58,34.91
15865,32767,17107,32.58,30.25
15870,32767,17123,37.23,34.91
15875,32767,17138,34.91,34.91
15880,32767,17153,34.91,32.58
15885,32767,17167,32.58,34.91
15890,32767,17184,39.56,34.91
15895,32767,17198,32.58,32.58
15900,32767,17212,34.91,34.91
15905,32767,17228,34.91,32.58
15910,32767,17242,32.58,34.91
15915,32767,17257,37.23,32.58
15920,32767,17272,32.58,32.58
15925,32767,17287,34.91,34.91
15930,32767,17302,34.91,32.58
15935,32767,17316,32.58,34.91
15940,32767,17330,34.91,30.25
15945,32767,17345,32.58,32.58
15950,32767,17358,32.58,32.58
15955,32767,17374,34.91,32.58
15960,32767,17388,32.58,34.91
15965,32767,17404,39.56,34.91
15970,32767,17419,32.58,32.58
15975,32767,17433,34.91,34.91
15980,32767,17449,34.91,32.58
15985,32767,17463,32.58,34.91
15990,32767,17479,37.23,32.58
15995,32767,17493,32.58,32.58
16000,32767,17508,37.23,37.23
16005,32767,17524,34.91,32.58
16010,32767,17538,32.58,34.91
16015,32767,17553,34.91,32.58
16020,32767,17568,34.91,32.58
16025,32767,17582,34.91,34.91
16030,32767,17597,32.58,30.25
16035,32767,17610,30.25,32.58
16040,32767,17625,37.23,32.58
16045,32767,17640,32.58,32.58
16050,32767,17655,34.91,37.23
16055,32767,17670,34.91,30.25
16060,32767,17685,34.91,37.23
16065,32767,17699,32.58,30.25
16070,32767,17714,34.91,32.58
16075,32767,17727,32.58,34.91
16080,32767,17743,34.91,32.58
16085,32767,17757,30.25,32.58
16090,32767,17771,34.91,32.58
16095,32767,17786,34.91,32.58
16100,32767,17800,32.58,32.58
16105,32767,17816,37.23,32.58
16110,32767,17829,30.25,30.25
16115,32767,17844,34.91,34.91
16120,32767,17859,34.91,32.58
16125,32767,17873,32.58,34.91
16130,32767,17887,34.91,32.58
16135,32767,17902,32.58,32.58
16140,32767,17917,34.91,34.91
16145,32767,17932,34.91,32.58
16150,32767,17946,32.58,34.91
16155,32767,17962,37.23,32.58
16160,32767,17977,34.91,34.91
16165,32767,17990,30.25,32.58
16170,32767,18006,37.23,32.58
16175,32767,18020,32.58,34.91
16180,32767,18035,34.91,32.58
16185,32767,18050,34.91,32.58
16190,32767,18064,32.58,37.23
16195,32767,18080,37.23,32.58
16200,32767,18094,32.58,32.58
16205,32767,18109,34.91,34.91
16210,32767,18124,34.91,32.58
16215,32767,18138,32.58,34.91
16220,32767,18154,37.23,32.58
16225,32767,18167,30.25,32.58
16230,32767,18182,34.91,34.91
16235,32767,18197,34.91,32.58
16240,32767,18211,32.58,37.23
16245,32767,18227,37.23,32.58
16250,32767,18240,30.25,30.25
16255,32767,18255,34.91,34.91
16260,32767,18269,32.58,30.25
16265,32767,18283,32.58,34.91
16270,32767,18298,34.91,30.25
16275,32767,18311,30.25,30.25
16280,32767,18326,34.91,34.91
16285,32767,18342,37.23,34.91
16290,32767,18356,32.58,34.91
16295,32767,18372,37.23,32.58
16300,32767,18384,27.93,27.93
16305,32767,18398,32.58,32.58
16310,32767,18412,32.58,32.58
16315,32767,18426,32.58,34.91
16320,32767,18442,37.23,32.58
16325,32767,18457,34.91,34.91
16330,32767,18471,34.91,34.91
16335,32767,18487,34.91,30.25
16340,32767,18500,30.25,34.91
16345,32767,18515,37.23,32.58
16350,32767,18531,34.91,34.91
16355,32767,18544,32.58,32.58
16360,32767,18560,34.91,32.58
16365,32767,18575,34.91,37.23
16370,32767,18591,37.23,32.58
16375,32767,18605,32.58,32.58
16380,32767,18619,34.91,34.91
16385,32767,18634,32.58,30.25
16390,32767,18648,32.58,34.91
16395,32767,18663,34.91,32.58
16400,32767,18677,32.58,30.25
16405,32767,18691,34.91,34.91
16410,32767,18707,34.91,32.58
16415,32767,18721,32.58,34.91
16420,32767,18737,39.56,37.23
16425,32767,18752,32.58,32.58
16430,32767,18765,30.25,30.25
16435,32767,18781,37.23,32.58
16440,32767,18795,32.58,32.58
16445,32767,18810,34.91,34.91
16450,32767,18825,34.91,32.58
16455,32767,18838,30.25,34.91
16460,32767,18852,34.91,30.25
16465,32767,18866,30.25,30.25
16470,32767,18881,34.91,34.91
16475,32767,18895,32.58,30.25
16480,32767,18909,32.58,34.91
16485,32767,18925,37.23,32.58
16490,32767,18940,34.91,34.91
16495,32767,18955,34.91,34.91
16500,32767,18970,34.91,32.58
16505,32767,18985,34.91,37.23
16510,32767,19001,37.23,32.58
16515,32767,19014,30.25,30.25
16520,32767,19029,34.91,34.91
16525,32767,19044,34.91,32.58
16530,32767,19058,32.58,34.91
16535,32767,19074,37.23,32.58
16540,32767,19088,32.58,32.58
16545,32767,19102,34.91,34.91
16550,32767,19118,34.91,32.58
16555,32767,19131,30.25,32.58
16560,32767,19145,34.91,30.25
16565,32767,19160,32.58,32.58
16570,32767,19176,37.23,37.23
16575,32767,19191,34.91,32.58
16580,32767,19206,34.91,37.23
16585,32767,19221,37.23,32.58
16590,32767,19235,30.25,30.25
16595,32767,19248,32.58,32.58
16600,32767,19264,34.91,32.58
16605,32767,19278,32.58,34.91
16610,32767,19292,32.58,30.25
16615,32767,19307,34.91,32.58
16620,32767,19320,30.25,32.58
16625,32767,19336,37.23,32.58
16630,32767,19350,32.58,32.58
16635,32767,19364,34.91,32.58
16640,32767,19378,30.25,30.25
16645,32767,19391,32.58,32.58
16650,32767,19406,32.58,30.25
16655,32767,19419,30.25,32.58
16660,32767,19433,32.58,30.25
16665,32767,19448,34.91,32.58
16670,32767,19462,34.91,34.91
16675,32767,19478,34.91,32.58
16680,32767,19491,30.25,32.58
16685,32767,19505,34.91,30.25
16690,32767,19519,30.25,30.25
16695,32767,19533,32.58,34.91
16700,32767,19549,37.23,32.58
16705,32767,19564,34.91,37.23
16710,32767,19579,37.23,32.58
16715,32767,19594,32.58,32.58
16720,32767,19608,34.91,34.91
16725,32767,19623,32.58,30.25
16730,32767,19638,34.91,37.23
16735,32767,19653,34.91,32.58
16740,32767,19667,32.58,30.25
16745,32767,19682,34.91,34.91
16750,32767,19698,37.23,32.58
16755,32767,19712,32.58,34.91
16760,32767,19726,32.58,32.58
16765,32767,19742,37.23,34.91
16770,32767,19755,30.25,34.91
16775,32767,19771,37.23,32.58
16780,32767,19785,32.58,32.58
16785,32767,19800,34.91,34.91
16790,32767,19816,37.23,34.91
16795,32767,19830,32.58,34.91
16800,32767,19845,34.91,30.25
16805,32767,19859,32.58,32.58
16810,32767,19874,34.91,32.58
16815,32767,19889,34.91,32.58
16820,32767,19903,32.58,34.91
16825,32767,19919,37.23,32.58
16830,32767,19933,32.58,32.58
16835,32767,19948,34.91,34.91
16840,32767,19963,34.91,32.58
16845,32767,19978,34.91,37.23
16850,32767,19994,37.23,32.58
16855,32767,20008,32.58,32.58
16860,32767,20022,32.58,32.58
16865,32767,20038,37.23,34.91
16870,32767,20052,32.58,34.91
16875,32767,20067,34.91,30.25
16880,32767,20080,30.25,30.25
16885,32767,20096,37.23,37.23
16890,32767,20112,37.23,34.91
16895,32767,20126,32.58,34.91
16900,32767,20142,37.23,32.58
16905,32767,20156,32.58,32.58
16910,32767,20170,32.58,32.58
16915,32767,20185,32.58,30.25
16920,32767,20198,32.58,37.23
16925,32767,20213,34.91,30.25
16930,32767,20227,32.58,32.58
16935,32767,20243,37.23,37.23
16940,32767,20258,34.91,32.58
16945,32767,20271,30.25,32.58
16950,32767,20287,37.23,32.58
16955,32767,20301,32.58,32.58
16960,32767,20315,32.58,32.58
16965,32767,20330,34.91,32.58
16970,32767,20344,32.58,34.91
16975,32767,20360,37.23,32.58
16980,32767,20374,32.58,32.58
16985,32767,20390,37.23,37.23
16990,32767,20405,34.91,32.58
16995,32767,20418,30.25,32.58
17000,32767,20434,37.23,32.58
17005,32767,20449,34.91,34.91
17010,32767,20463,34.91,34.91
17015,32767,20479,34.91,32.58
17020,32767,20493,32.58,34.91
17025,32767,20507,34.91,30.25
17030,32767,20522,32.58,32.58
17035,32767,20535,32.58,32.58
17040,32767,20551,34.91,32.58
17045,32767,20566,34.91,39.56
17050,32767,20582,39.56,32.58
17055,32767,20597,32.58,32.58
17060,32767,20611,32.58,34.91
17065,32767,20629,41.89,37.23
17070,32767,20643,32.58,34.91
17075,32767,20659,37.23,34.91
17080,32767,20674,34.91,32.58
17085,32767,20689,34.91,39.56
17090,32767,20705,37.23,32.58
17095,32767,20719,32.58,32.58
17100,32767,20734,34.91,34.91
17105,32767,20750,37.23,34.91
17110,32767,20763,30.25,32.58
17115,32767,20779,37.23,32.58
17120,32767,20792,30.25,30.25
17125,32767,20808,37.23,37.23
17130,32767,20824,37.23,34.91
17135,32767,20837,30.25,32.58
17140,32767,20852,34.91,30.25
17145,32767,20866,32.58,32.58
17150,32767,20882,37.23,37.23
17155,32767,20897,34.91,32.58
17160,32767,20911,32.58,34.91
17165,32767,20927,37.23,32.58
17170,32767,20942,34.91,34.91
17175,32767,20957,34.91,34.91
17180,32767,20973,37.23,34.91
17185,32767,20987,32.58,34.91
17190,32767,21001,34.91,30.25
17195,32767,21016,32.58,32.58
17200,32767,21030,32.58,32.58
17205,32767,21046,37.23,34.91
17210,32767,21060,32.58,34.91
17215,32767,21076,37.23,32.58
17220,32767,21090,32.58,32.58
17225,32767,21104,34.91,34.91
17230,32767,21119,32.58,30.25
17235,32767,21133,32.58,34.91
17240,32767,21148,37.23,32.58
17245,32767,21163,32.58,32.58
17250,32767,21177,32.58,32.58
17255,32767,21192,34.91,32.58
17260,32767,21207,34.91,37.23
17265,32767,21222,37.23,32.58
17270,32767,21237,32.58,32.58
17275,32767,21251,34.91,34.91
17280,32767,21267,34.91,32.58
17285,32767,21281,32.58,34.91
17290,32767,21296,37.23,32.58
17295,32767,21311,32.58,32.58
17300,32767,21325,34.91,34.91
17305,32767,21340,32.58,30.25
17310,32767,21354,32.58,34.91
17315,32767,21369,37.23,32.58
17320,32767,21383,30.25,30.25
17325,32767,21397,32.58,34.91
17330,32767,21413,37.23,32.58
17335,32767,21427,32.58,34.91
17340,32767,21442,34.91,32.58
17345,32767,21457,32.58,30.25
17350,32767,21470,32.58,34.91
17355,32767,21485,34.91,30.25
17360,32767,21499,32.58,32.58
17365,32767,21513,32.58,32.58
17370,32767,21528,34.91,32.58
17375,32767,21542,32.58,30.25
17380,32767,21557,34.91,32.58
17385,32767,21570,30.25,30.25
17390,32767,21586,37.23,34.91
17395,32767,21601,34.91,32.58
17400,32767,21615,32.58,37.23
17405,32767,21631,37.23,32.58
17410,32767,21644,30.25,30.25
17415,32767,21659,34.91,34.91
17420,32767,21674,34.91,32.58
17425,32767,21687,30.25,32.58
17430,32767,21702,34.91,30.25
17435,32767,21716,32.58,32.58
17440,32767,21731,34.91,34.91
17445,32767,21747,37.23,34.91
17450,32767,21761,32.58,34.91
17455,32767,21775,34.91,30.25
17460,32767,21789,30.25,30.25
17465,32767,21804,34.91,34.91
17470,32767,21819,34.91,32.58
17475,32767,21832,30.25,32.58
17480,32767,21848,37.23,32.58
17485,32767,21861,30.25,30.25
17490,32767,21874,32.58,32.58
17495,32767,21890,34.91,32.58
17500,32767,21902,27.93,30.25
17505,32767,21917,37.23,32.58
17510,32767,21932,32.58,32.58
17515,32767,21946,32.58,32.58
17520,32767,21961,34.91,32.58
17525,32767,21974,30.25,32.58
17530,32767,21988,34.91,30.25
17535,32767,22003,32.58,32.58
17540,32767,22017,32.58,32.58
17545,32767,22032,34.91,30.25
17550,32767,22045,30.25,32.58
17555,32767,22059,32.58,30.25
17560,32767,22074,34.91,32.58
17565,32767,22088,32.58,37.23
17570,32767,22105,39.56,34.91
17575,32767,22119,32.58,32.58
17580,32767,22133,32.58,32.58
17585,32767,22149,37.23,34.91
17590,32767,22163,32.58,34.91
17595,32767,22179,37.23,32.58
17600,32767,22193,32.58,32.58
17605,32767,22207,32.58,34.91
17610,32767,22222,34.91,30.25
17615,32767,22235,30.25,32.58
17620,32767,22249,34.91,30.25
17625,32767,22264,32.58,32.58
17630,32767,22279,37.23,37.23
17635,32767,22295,34.91,32.58
17640,32767,22308,30.25,30.25
17645,32767,22322,32.58,32.58
17650,32767,22336,32.58,30.25
17655,32767,22351,34.91,37.23
17660,32767,22366,34.91,30.25
17665,32767,22381,34.91,34.91
17670,32767,22394,32.58,32.58
17675,32767,22410,34.91,32.58
17680,32767,22424,32.58,34.91
17685,32767,22440,39.56,34.91
17690,32767,22454,30.25,30.25
17695,32767,22468,34.91,37.23
17700,32767,22485,37.23,34.91
17705,32767,22499,32.58,34.91
17710,32767,22514,34.91,34.91
17715,32767,22529,34.91,32.58
17720,32767,22543,32.58,34.91
17725,32767,22560,39.56,34.91
17730,32767,22573,30.25,30.25
17735,32767,22588,34.91,34.91
17740,32767,22604,37.23,34.91
17745,32767,22618,32.58,34.91
17750,32767,22633,37.23,32.58
17755,32767,22648,32.58,32.58
17760,32767,22663,34.91,34.91
17765,32767,22676,30.25,27.93
17770,32767,22690,32.58,32.58
17775,32767,22705,34.91,34.91
17780,32767,22720,34.91,32.58
17785,32767,22734,32.58,34.91
17790,32767,22749,34.91,30.25
17795,32767,22763,32.58,32.58
17800,32767,22777,34.91,34.91
17805,32767,22793,34.91,32.58
17810,32767,22807,32.58,34.91
17815,32767,22821,32.58,30.25
17820,32767,22837,37.23,34.91
17825,32767,22852,34.91,37.23
17830,32767,22867,34.91,30.25
17835,32767,22880,30.25,30.25
17840,32767,22895,34.91,34.91
17845,32767,22911,37.23,34.91
17850,32767,22925,32.58,34.91
17855,32767,22940,37.23,32.58
17860,32767,22955,32.58,32.58
17865,32767,22968,32.58,32.58
17870,32767,22984,34.91,32.58
17875,32767,22997,30.25,32.58
17880,32767,23012,34.91,32.58
17885,32767,23026,32.58,30.25
17890,32767,23040,34.91,34.91
17895,32767,23055,32.58,30.25
17900,32767,23069,32.58,34.91
17905,32767,23084,37.23,34.91
17910,32767,23099,32.58,32.58
17915,32767,23112,32.58,32.58
17920,32767,23128,34.91,32.58
17925,32767,23141,30.25,32.58
17930,32767,23157,39.56,34.91
17935,32767,23172,32.58,32.58
17940,32767,23187,34.91,34.91
17945,32767,23203,37.23,34.91
17950,32767,23217,32.58,34.91
17955,32767,23232,34.91,30.25
17960,32767,23245,30.25,30.25
17965,32767,23259,34.91,34.91
17970,32767,23275,34.91,32.58
17975,32767,23288,30.25,32.58
17980,32767,23303,37.23,32.58
17985,32767,23319,34.91,34.91
17990,32767,23334,34.91,34.91
17995,32767,23348,32.58,30.25
18000,32767,23362,32.58,34.91
18005,32767,23377,37.23,32.58
18010,32767,23392,32.58,32.58
18015,32767,23405,32.58,32.58
18020,32767,23422,37.23,34.91
18025,32767,23435,30.25,32.58
18030,32767,23449,34.91,30.25
18035,32767,23465,34.91,34.91
18040,32767,23479,32.58,32.58
18045,32767,23493,32.58,30.25
18050,32767,23506,30.25,32.58
18055,32767,23521,34.91,30.25
18060,32767,23534,30.25,30.25
18065,32767,23549,34.91,34.91
18070,32767,23565,37.23,34.91
18075,32767,23579,32.58,37.23
18080,32767,23595,37.23,32.58
18085,32767,23608,30.25,34.91
18090,32767,23624,39.56,32.58
18095,32767,23638,30.25,30.25
18100,32767,23652,34.91,34.91
18105,32767,23668,34.91,32.58
18110,32767,23682,32.58,34.91
18115,32767,23696,34.91,30.25
18120,32767,23711,32.58,32.58
18125,32767,23726,37.23,37.23
18130,32767,23743,37.23,34.91
18135,32767,23757,32.58,32.58
18140,32767,23771,34.91,34.91
18145,32767,23786,32.58,32.58
18150,32767,23801,37.23,34.91
18155,32767,23817,34.91,32.58
18160,32767,23832,34.91,37.23
18165,32767,23847,34.91,32.58
18170,32767,23862,34.91,32.58
18175,32767,23877,34.91,34.91
18180,32767,23892,34.91,32.58
18185,32767,23905,27.93,30.25
18190,32767,23920,37.23,32.58
18195,32767,23934,32.58,32.58
18200,32767,23948,32.58,34.91
18205,32767,23963,34.91,30.25
18210,32767,23976,30.25,32.58
18215,32767,23990,34.91,30.25
18220,32767,24005,32.58,32.58
18225,32767,24019,34.91,37.23
18230,32767,24036,37.23,34.91
18235,32767,24050,32.58,34.91
18240,32767,24065,34.91,32.58
18245,32767,24080,34.91,32.58
18250,32767,24094,32.58,32.58
18255,32767,24110,37.23,32.58
18260,32767,24124,32.58,34.91
18265,32767,24140,37.23,37.23
18270,32767,24154,32.58,30.25
18275,32767,24167,30.25,34.91
18280,32767,24183,37.23,32.58
18285,32767,24197,32.58,32.58
18290,32767,24213,37.23,37.23
18295,32767,24227,32.58,30.25
18300,32767,24240,30.25,32.58
18305,32767,24255,37.23,32.58
18310,32767,24270,32.58,32.58
18315,32767,24284,32.58,32.58
18320,32767,24300,37.23,32.58
18325,32767,24314,32.58,32.58
18330,32767,24329,34.91,34.91
18335,32767,24344,34.91,32.58
18340,32767,24357,30.25,32.58
18345,32767,24373,39.56,37.23
18350,32767,24389,34.91,32.58
18355,32767,24403,32.58,32.58
18360,32767,24418,34.91,32.58
18365,32767,24433,34.91,37.23
18370,32767,24448,37.23,34.91
18375,32767,24461,27.93,27.93
18380,32767,24475,32.58,32.58
18385,32767,24491,37.23,32.58
18390,32767,24505,32.58,32.58
18395,32767,24520,34.91,34.91
18400,32767,24535,34.91,32.58
18405,32767,24548,30.25,32.58
18410,32767,24563,37.23,32.58
18415,32767,24578,32.58,32.58
18420,32767,24593,34.91,34.91
18425,32767,24607,32.58,30.25
18430,32767,24621,32.58,34.91
18435,32767,24636,37.23,34.91
18440,32767,24651,32.58,32.58
18445,32767,24665,32.58,32.58
18450,32767,24681,37.23,32.58
18455,32767,24695,32.58,32.58
18460,32767,24710,34.91,34.91
18465,32767,24725,34.91,32.58
18470,32767,24739,32.58,34.91
18475,32767,24754,37.23,32.58
18480,32767,24770,34.91,34.91
18485,32767,24784,34.91,34.91
18490,32767,24800,34.91,32.58
18495,32767,24814,32.58,34.91
18500,32767,24829,37.23,34.91
18505,32767,24845,34.91,34.91
18510,32767,24858,30.25,32.58
18515,32767,24874,37.23,32.58
18520,32767,24888,32.58,32.58
18525,32767,24903,34.91,34.91
18530,32767,24917,32.58,30.25
18535,32767,24929,27.93,30.25
18540,32767,24943,34.91,30.25
18545,32767,24958,32.58,32.58
18550,32767,24972,32.58,34.91
18555,32767,24988,37.23,32.58
18560,32767,25001,30.25,30.25
18565,32767,25016,34.91,34.91
18570,32767,25032,37.23,34.91
18575,32767,25047,34.91,37.23
18580,32767,25062,34.91,30.25
18585,32767,25077,34.91,34.91
18590,32767,25091,34.91,34.91
18595,32767,25107,34.91,32.58
18600,32767,25121,32.58,34.91
18605,32767,25136,39.56,34.91
18610,32767,25152,32.58,32.58
18615,32767,25166,34.91,34.91
18620,32767,25182,34.91,32.58
18625,32767,25196,32.58,32.58
18630,32767,25212,37.23,37.23
18635,32767,25227,34.91,32.58
18640,32767,25240,30.25,32.58
18645,32767,25255,34.91,30.25
18650,32767,25269,32.58,32.58
18655,32767,25283,34.91,34.91
18660,32767,25299,34.91,32.58
18665,32767,25313,32.58,34.91
18670,32767,25329,39.56,34.91
18675,32767,25343,30.25,30.25
18680,32767,25357,32.58,37.23
18685,32767,25373,37.23,32.58
18690,32767,25387,32.58,32.58
18695,32767,25402,34.91,34.91
18700,32767,25417,34.91,32.58
18705,32767,25431,32.58,34.91
18710,32767,25447,37.23,32.58
18715,32767,25461,32.58,32.58
18720,32767,25475,32.58,34.91
18725,32767,25491,37.23,32.58
18730,32767,25505,32.58,32.58
18735,32767,25520,34.91,32.58
18740,32767,25535,34.91,32.58
18745,32767,25549,32.58,34.91
18750,32767,25565,37.23,32.58
18755,32767,25579,32.58,32.58
18760,32767,25594,34.91,34.91
18765,32767,25609,34.91,32.58
18770,32767,25623,32.58,34.91
18775,32767,25639,37.23,32.58
18780,32767,25653,32.58,32.58
18785,32767,25667,34.91,34.91
18790,32767,25683,34.91,32.58
18795,32767,25697,32.58,34.91
18800,32767,25712,34.91,32.58
18805,32767,25727,34.91,32.58
18810,32767,25741,34.91,37.23
18815,32767,25757,34.91,32.58
18820,32767,25771,32.58,32.58
18825,32767,25786,34.91,34.91
18830,32767,25801,34.91,32.58
18835,32767,25815,32.58,34.91
18840,32767,25831,37.23,32.58
18845,32767,25845,32.58,32.58
18850,32767,25859,34.91,34.91
18855,32767,25875,34.91,32.58
18860,32767,25889,32.58,34.91
18865,32767,25904,34.91,32.58
18870,32767,25919,34.91,32.58
18875,32767,25933,32.58,34.91
18880,32767,25949,37.23,32.58
18885,32767,25963,32.58,32.58
18890,32767,25978,34.91,34.91
18895,32767,25993,34.91,32.58
18900,32767,26007,32.58,34.91
18905,32767,26023,37.23,32.58
18910,32767,26037,32.58,32.58
18915,32767,26051,34.91,34.91
18920,32767,26067,34.91,32.58
18925,32767,26081,32.58,34.91
18930,32767,26096,34.91,32.58
18935,32767,26111,34.91,32.58
18940,32767,26125,32.58,37.23
18945,32767,26141,37.23,32.58
18950,32767,26155,32.58,32.58
18955,32767,26170,34.91,34.91
18960,32767,26185,34.91,32.58
18965,32767,26199,32.58,34.91
18970,32767,26215,37.23,32.58
18975,32767,26229,32.58,32.58
18980,32767,26243,34.91,34.91
18985,32767,26259,34.91,32.58
18990,32767,26273,32.58,34.91
18995,32767,26288,34.91,32.58
19000,32767,26303,34.91,32.58
19005,32767,26317,32.58,34.91
19010,32767,26333,37.23,32.58
19015,32767,26347,32.58,32.58
19020,32767,26362,34.91,34.91
19025,32767,26377,34.91,32.58
19030,32767,26391,32.58,34.91
19035,32767,26407,37.23,32.58
19040,32767,26421,32.58,32.58
19045,32767,26435,34.91,34.91
19050,32767,26451,34.91,32.58
19055,32767,26465,32.58,34.91
19060,32767,26480,34.91,32.58
19065,32767,26495,34.91,32.58
19070,32767,26509,32.58,37.23
19075,32767,26525,37.23,32.58
19080,32767,26539,32.58,32.58
19085,32767,26554,34.91,34.91
19090,32767,26569,34.91,32.58
19095,32767,26583,32.58,34.91
19100,32767,26599,37.23,32.58
19105,32767,26613,32.58,32.58
19110,32767,26627,32.58,34.91
19115,32767,26643,37.23,32.58
19120,32767,26657,32.58,34.91
19125,32767,26672,34.91,32.58
19130,32767,26687,34.91,32.58
19135,32767,26701,32.58,37.23
19140,32767,26717,37.23,32.58
19145,32767,26731,32.58,34.91
19150,32767,26746,34.91,32.58
19155,32767,26761,34.91,32.58
19160,32767,26775,32.58,32.58
19165,32767,26791,37.23,32.58
19170,32767,26805,32.58,34.91
19175,32767,26820,34.91,34.91
19180,32767,26835,34.91,32.58
19185,32767,26849,32.58,37.23
19190,32767,26865,37.23,32.58
19195,32767,26879,32.58,32.58
19200,32767,26894,34.91,34.91
19205,32767,26909,34.91,32.58
19210,32767,26923,32.58,34.91
19215,32767,26939,37.23,32.58
19220,32767,26953,32.58,32.58
19225,32767,26967,34.91,34.91
19230,32767,26983,34.91,32.58
19235,32767,26997,32.58,34.91
19240,32767,27012,37.23,32.58
19245,32767,27027,32.58,32.58
19250,32767,27041,32.58,34.91
19255,32767,27057,37.23,32.58
19260,32767,27071,32.58,32.58
19265,32767,27086,34.91,34.91
19270,32767,27101,34.91,32.58
19275,32767,27115,32.58,34.91
19280,32767,27131,37.23,32.58
19285,32767,27145,32.58,32.58
19290,32767,27159,34.91,34.91
19295,32767,27175,34.91,32.58
19300,32767,27189,32.58,34.91
19305,32767,27204,37.23,32.58
19310,32767,27219,32.58,32.58
19315,32767,27233,34.91,34.91
19320,32767,27249,34.91,32.58
19325,32767,27263,32.58,34.91
19330,32767,27278,37.23,32.58
19335,32767,27293,32.58,32.58
19340,32767,27307,32.58,32.58
19345,32767,27323,37.23,32.58
19350,32767,27337,32.58,34.91
19355,32767,27352,34.91,32.58
19360,32767,27367,34.91,32.58
19365,32767,27381,32.58,37.23
19370,32767,27397,37.23,32.58
19375,32767,27411,32.58,32.58
19380,32767,27426,34.91,34.91
19385,32767,27441,34.91,32.58
19390,32767,27455,32.58,34.91
19395,32767,27471,37.23,32.58
19400,32767,27485,32.58,32.58
19405,32767,27499,34.91,34.91
19410,32767,27515,34.91,32.58
19415,32767,27529,32.58,34.91
19420,32767,27544,34.91,32.58
19425,32767,27559,34.91,32.58
19430,32767,27573,32.58,37.23
19435,32767,27589,37.23,32.58
19440,32767,27603,32.58,32.58
19445,32767,27618,34.91,34.91
19450,32767,27633,34.91,32.58
19455,32767,27647,32.58,34.91
19460,32767,27663,37.23,32.58
19465,32767,27677,32.58,32.58
19470,32767,27692,34.91,34.91
19475,32767,27707,34.91,32.58
19480,32767,27721,32.58,34.91
19485,32767,27737,37.23,32.58
19490,32767,27751,32.58,32.58
19495,32767,27766,34.91,34.91
19500,32767,27781,34.91,32.58
19505,32767,27795,32.58,34.91
19510,32767,27811,37.23,32.58
19515,32767,27825,32.58,32.58
19520,32767,27840,34.91,34.91
19525,32767,27855,34.91,32.58
19530,32767,27869,32.58,34.91
19535,32767,27885,37.23,32.58
19540,32767,27899,32.58,32.58
19545,32767,27914,34.91,34.91
19550,32767,27929,34.91,32.58
19555,32767,27943,32.58,34.91
19560,32767,27959,37.23,32.58
19565,32767,27973,32.58,32.58
19570,32767,27988,34.91,34.91
19575,32767,28003,34.91,32.58
19580,32767,28017,32.58,37.23
19585,32767,28033,37.23,32.58
19590,32767,28047,32.58,32.58
19595,32767,28062,34.91,34.91
19600,32767,28077,34.91,32.58
19605,32767,28091,32.58,34.91
19610,32767,28107,37.23,32.58
19615,32767,28121,32.58,32.58
19620,32767,28136,34.91,34.91
19625,32767,28151,34.91,32.58
19630,32767,28165,32.58,34.91
19635,32767,28181,37.23,32.58
19640,32767,28195,32.58,32.58
19645,32767,28210,34.91,34.91
19650,32767,28225,34.91,32.58
19655,32767,28239,32.58,34.91
19660,32767,28255,37.23,32.58
19665,32767,28269,32.58,32.58
19670,32767,28284,34.91,34.91
19675,32767,28299,34.91,32.58
19680,32767,28313,32.58,34.91
19685,32767,28329,37.23,32.58
19690,32767,28343,32.58,32.58
19695,32767,28358,34.91,34.91
19700,32767,28373,34.91,32.58
19705,32767,28387,32.58,32.58
19710,32767,28403,37.23,32.58
19715,32767,28417,32.58,32.58
19720,32767,28432,34.91,32.58
19725,32767,28447,34.91,32.58
19730,32767,28461,34.91,37.23
19735,32767,28477,34.91,32.58
19740,32767,28491,32.58,34.91
19745,32767,28506,37.23,32.58
19750,32767,28521,32.58,32.58
19755,32767,28535,32.58,34.91
19760,32767,28551,37.23,32.58
19765,32767,28565,32.58,34.91
19770,32767,28580,37.23,32.58
19775,32767,28595,32.58,32.58
19780,32767,28610,34.91,34.91
19785,32767,28625,34.91,32.58
19790,32767,28639,32.58,34.91
19795,32767,28655,37.23,32.58
19800,32767,28669,32.58,32.58
19805,32767,28684,34.91,34.91
19810,32767,28699,34.91,32.58
19815,32767,28713,32.58,34.91
19820,32767,28729,37.23,32.58
19825,32767,28743,32.58,32.58
19830,32767,28758,34.91,34.91
19835,32767,28773,34.91,32.58
19840,32767,28787,32.58,34.91
19845,32767,28803,37.23,32.58
19850,32767,28817,32.58,32.58
19855,32767,28832,34.91,34.91
19860,32767,28847,34.91,32.58
19865,32767,28861,32.58,34.91
19870,32767,28877,37.23,32.58
19875,32767,28891,32.58,32.58
19880,32767,28906,34.91,34.91
19885,32767,28921,34.91,32.58
19890,32767,28935,32.58,34.91
19895,32767,28951,37.23,32.58
19900,32767,28965,32.58,34.91
19905,32767,28980,34.91,32.58
19910,32767,28995,34.91,32.58
19915,32767,29009,32.58,37.23
19920,32767,29025,37.23,32.58
19925,32767,29039,32.58,32.58
19930,32767,29054,37.23,34.91
19935,32767,29069,32.58,32.58
19940,32767,29083,34.91,34.91
19945,32767,29099,34.91,32.58
19950,32767,29113,32.58,34.91
19955,32767,29128,34.91,32.58
19960,32767,29143,34.91,32.58
19965,32767,29158,34.91,34.91
19970,32767,29173,34.91,32.58
19975,32767,29187,32.58,34.91
19980,32767,29203,37.23,32.58
19985,32767,29217,32.58,32.58
19990,32767,29231,34.91,34.91
19995,32767,29247,34.91,32.58
20000,32767,29261,32.58,34.91
20005,32767,29277,37.23,32.58
20010,32767,29291,32.58,32.58
20015,0,29305,32.58,30.25
20020,0,29317,27.93,25.60
20025,0,29327,23.27,23.27
20030,0,29335,18.62,18.62
20035,0,29343,18.62,18.62
20040,0,29352,20.94,18.62
20045,0,29359,16.29,13.96
20050,0,29365,13.96,13.96
20055,0,29371,13.96,13.96
20060,0,29375,9.31,9.31
20065,0,29379,9.31,9.31
20070,0,29383,9.31,9.31
20075,0,29387,9.31,9.31
20080,0,29389,4.65,4.65
20085,0,29391,4.65,4.65
20090,0,29394,6.98,4.65
20095,0,29395,2.33,2.33
20100,0,29397,4.65,2.33
20105,0,29399,4.65,4.65
20110,0,29400,2.33,2.33
20115,0,29401,2.33,2.33
20120,0,29403,4.65,4.65
20125,0,29403,0.00,0.00
20130,0,29403,0.00,0.00
20135,0,29403,0.00,0.00
20140,0,29404,2.33,2.33
20145,0,29404,0.00,0.00
20150,0,29404,0.00,0.00
20155,0,29404,0.00,0.00
20160,0,29404,0.00,0.00
20165,0,29404,0.00,0.00
20170,0,29404,0.00,0.00
20175,0,29403,-2.33,-2.33
20180,0,29403,0.00,0.00
20185,0,29403,0.00,0.00
20190,0,29403,0.00,0.00
20195,0,29403,0.00,0.00
20200,0,29403,0.00,0.00
20205,0,29404,2.33,2.33
20210,0,29404,0.00,0.00
20215,0,29404,0.00,0.00
20220,0,29404,0.00,0.00
20225,0,29405,2.33,2.33
20230,0,29405,0.00,0.00
20235,0,29405,0.00,0.00
20240,0,29405,0.00,0.00
20245,0,29405,0.00,2.33
20250,0,29406,2.33,0.00
20255,0,29406,0.00,0.00
20260,0,29406,0.00,0.00
20265,0,29406,0.00,0.00
20270,0,29406,0.00,0.00
20275,0,29406,0.00,0.00
20280,0,29406,0.00,0.00
20285,0,29406,0.00,0.00
20290,0,29406,0.00,0.00
20295,0,29406,0.00,0.00
20300,0,29406,0.00,0.00
20305,0,29406,0.00,0.00
20310,0,29406,0.00,0.00
20315,0,29406,0.00,0.00
20320,0,29406,0.00,0.00
20325,0,29406,0.00,0.00
20330,0,29406,0.00,0.00
20335,0,29406,0.00,0.00
20340,0,29406,0.00,0.00
20345,0,29406,0.00,0.00
20350,0,29406,0.00,0.00
20355,0,29406,0.00,0.00
20360,0,29406,0.00,0.00
20365,0,29406,0.00,0.00
20370,0,29406,0.00,0.00
20375,0,29406,0.00,0.00
20380,0,29406,0.00,0.00
20385,0,29406,0.00,0.00
20390,0,29406,0.00,0.00
20395,0,29406,0.00,0.00
20400,0,29406,0.00,0.00
20405,0,29406,0.00,0.00
20410,0,29406,0.00,0.00
20415,0,29406,0.00,0.00
20420,0,29406,0.00,0.00
20425,0,29406,0.00,0.00
20430,0,29406,0.00,0.00
20435,0,29406,0.00,0.00
20440,0,29406,0.00,0.00
20445,0,29406,0.00,0.00
20450,0,29406,0.00,0.00
20455,0,29406,0.00,0.00
20460,0,29406,0.00,0.00
20465,0,29406,0.00,0.00
20470,0,29406,0.00,0.00
20475,0,29406,0.00,0.00
20480,0,29406,0.00,0.00
20485,0,29406,0.00,0.00
20490,0,29406,0.00,0.00
20495,0,29406,0.00,0.00
20500,0,29406,0.00,0.00
20505,0,29406,0.00,0.00
20510,0,29406,0.00,0.00
20515,0,29406,0.00,0.00
20520,0,29406,0.00,0.00
20525,0,29406,0.00,0.00
20530,0,29406,0.00,0.00
20535,0,29406,0.00,0.00
20540,0,29406,0.00,0.00
20545,0,29406,0.00,0.00
20550,0,29406,0.00,0.00
20555,0,29406,0.00,0.00
20560,0,29406,0.00,0.00
20565,0,29406,0.00,0.00
20570,0,29406,0.00,0.00
20575,0,29406,0.00,0.00
20580,0,29406,0.00,0.00
20585,0,29406,0.00,0.00
20590,0,29406,0.00,0.00
20595,0,29406,0.00,0.00
20600,0,29406,0.00,0.00
20605,0,29406,0.00,0.00
20610,0,29406,0.00,0.00
20615,0,29406,0.00,0.00
20620,0,29406,0.00,0.00
20625,0,29406,0.00,0.00
20630,0,29406,0.00,0.00
20635,0,29406,0.00,0.00
20640,0,29406,0.00,0.00
20645,0,29406,0.00,0.00
20650,0,29406,0.00,0.00
20655,0,29406,0.00,0.00
20660,0,29406,0.00,0.00
20665,0,29406,0.00,0.00
20670,0,29406,0.00,0.00
